layer,tensor,c_norm,ref_norm,best_scale,sc_inv_eps
0,input_layernorm.output,3273.062938594368,0.49893489035051475,0.00015243476211654623,0.005033235471493042
0,attn.q_pre_rope,272171.9591049012,41.31127810184584,0.00015141983065038655,0.06920524428554221
0,attn.k_pre_rope,460403.53185004997,70.30896418284924,0.00015267042126716496,0.023223845933864836
0,attn.v,695687.7601568106,106.13382128625749,0.00015249306949793583,0.029521636487483592
0,attn_sub_norm.output,1612.8065600065,0.2478788899028455,0.00015181380565589174,0.15594432120635102
0,post_attention_layernorm.output,311204.98229784175,62.00610920611404,0.0001813269146889642,0.41445671895710484
0,ffn.up_proj,3583678.430646366,6712.556121415858,0.001666886086536937,0.4561324066265088
0,ffn_sub_norm.output,191953.4646001473,13.176373832699747,5.35290204436108e-05,0.6260150498470297
0,block_output,18505973.434214126,1212.4085026372597,5.100692906566955e-05,0.6275700634700223
1,input_layernorm.output,5499.081650603126,0.8498292041097698,0.00012093822231856155,0.6225650898562773
1,attn.q_pre_rope,309143.00483756704,38.95435877267608,9.730670476271464e-05,0.6353442444018932
1,attn.k_pre_rope,545896.010222643,55.56408614495658,9.324464688551417e-05,0.40096542790631945
1,attn.v,754957.3437585729,129.9496810596947,0.00016440486655188376,0.296191310820799
1,attn_sub_norm.output,62821.32395134633,8.135130948288253,9.522355076829776e-05,0.6777007283137694
1,post_attention_layernorm.output,375540.5286277368,53.420734770742065,0.00010387089361838211,0.6832352645379304
1,ffn.up_proj,2254867.0830037855,3059.263648218438,0.0010790996405348303,0.6061329082871579
1,ffn_sub_norm.output,456220.2491001468,88.6934338529388,0.00012343268400551264,0.772584793000415
1,block_output,45054143.290987775,7813.934729634256,0.00014317365257815657,0.5643715796913311
2,input_layernorm.output,4562.882970228362,0.6747228523610574,9.512761112612865e-05,0.7656055545058141
2,attn.q_pre_rope,236034.04950769286,34.57928794603444,0.00011493693140923946,0.6200710841254792
2,attn.k_pre_rope,271029.2064649122,39.56358034541287,0.00012745878025745768,0.4874465495839276
2,attn.v,402785.2982669551,81.97588550639526,0.00016996791515554535,0.5500515787368625
2,attn_sub_norm.output,122518.38228200698,13.045829853025902,6.344440819347449e-05,0.8031100468842494
2,post_attention_layernorm.output,251099.48922289748,40.37835648228438,9.673629816079364e-05,0.7988195829890363
2,ffn.up_proj,2066013.4432931456,3215.245267483298,0.0010797302872460944,0.7201676939074895
2,ffn_sub_norm.output,358230.70938014233,98.97859946021087,0.00021756527908133613,0.6164060758626103
2,block_output,81656881.06449272,18759.043171213794,0.00020654136680690622,0.4378234186451284
3,input_layernorm.output,4283.785825645348,0.7380008929504869,0.00014576899726020695,0.5329798629858232
3,attn.q_pre_rope,253562.7336814304,44.545728678240366,0.0001568550504835399,0.4503567706817855
3,attn.k_pre_rope,313646.6145521102,48.98232045838692,0.0001484674047853462,0.31018676031743414
3,attn.v,594442.1847412917,116.41067707686506,0.000190874341945814,0.2235817859621569
3,attn_sub_norm.output,136175.7099926415,21.19894646100739,0.00014975407444899617,0.2731357006728224
3,post_attention_layernorm.output,245748.22659380475,45.71178765586459,0.00015595110494293112,0.5450573074019361
3,ffn.up_proj,3495437.146430329,6252.402557919185,0.001662696397026829,0.3687243220321869
3,ffn_sub_norm.output,442307.34922223486,83.57031981318202,0.00016257481355724614,0.5095358301573325
3,block_output,242458873.62911868,46063.428513072125,0.00018526012636692888,0.2216212016105169
4,input_layernorm.output,1881.9083399570766,0.36693221104345797,0.000166684840939991,0.5188141732560912
4,attn.q_pre_rope,122594.8148128623,22.632329975388423,0.00015879178337107353,0.5100522814603097
4,attn.k_pre_rope,171084.94108775325,30.265511307447014,0.00016660967204740708,0.3361415483550932
4,attn.v,185574.3073946391,41.18141020366535,0.00020809210606091813,0.3473974743118898
4,attn_sub_norm.output,131603.07716767112,19.75764425391448,0.00013851494816413137,0.385686480315454
4,post_attention_layernorm.output,140005.08385055166,27.060563451875918,0.0001699626395890151,0.47618096668618765
4,ffn.up_proj,2189911.727842015,4070.3983548192036,0.001713444527587546,0.3875494761978435
4,ffn_sub_norm.output,338979.57130482065,107.73880015544128,0.00018927824489265436,0.8033346466612745
4,block_output,382803911.00430703,74779.52178056816,0.00019098176984526998,0.21021615095089918
5,input_layernorm.output,1424.283328555102,0.29506970644693126,0.0001773131221597272,0.517175229129078
5,attn.q_pre_rope,120320.30085982996,20.15629174573105,0.0001447679319221842,0.5031949881627469
5,attn.k_pre_rope,173784.10672152962,31.684605350810887,0.00017506579277396347,0.2793031346635442
5,attn.v,371152.99732994207,82.96052818225597,0.00022148229724517905,0.1347569879590104
5,attn_sub_norm.output,79148.91414289901,11.950209529288486,0.00013707337128575887,0.4192569050684194
5,post_attention_layernorm.output,132181.52735537596,26.691874089525314,0.0001773961781712935,0.4777639514701551
5,ffn.up_proj,2318242.3601200543,4326.031510605138,0.0017258630594446222,0.3803103587229109
5,ffn_sub_norm.output,266981.08435617684,98.21065107429361,0.0002598956387292148,0.7076988674839547
5,block_output,480899854.37292117,105981.2946183313,0.0002168634120850703,0.17796044059789326
6,input_layernorm.output,1418.5069615620503,0.288314907608176,0.0001794324192272718,0.4697377276929273
6,attn.q_pre_rope,106477.58777320231,19.866749001244838,0.00016837729759385168,0.43083037186700324
6,attn.k_pre_rope,172836.01915978047,37.810371645427644,0.00021171921215287355,0.2517378764025393
6,attn.v,274351.5032872975,64.29596564546749,0.00022972347227079778,0.1978502186132157
6,attn_sub_norm.output,89080.49162976145,14.847757070714888,0.00015667788823857642,0.3411648548772776
6,post_attention_layernorm.output,130007.69084173444,24.953969910810304,0.00017387812854379933,0.42351801154219987
6,ffn.up_proj,2187351.71035707,3720.2027621535613,0.0015810334520508485,0.368586441951246
6,ffn_sub_norm.output,157248.42157554397,53.96092403641522,0.0003003718003103821,0.48354693712389746
6,block_output,544634267.5750889,127185.85224566855,0.00023094546057083123,0.14823039310238306
7,input_layernorm.output,1270.6148118135566,0.24434976212878357,0.00017212988499222846,0.4459204049489275
7,attn.q_pre_rope,97301.17345130016,17.59764252788489,0.00016582432993924684,0.39916616603946603
7,attn.k_pre_rope,130121.64420648856,24.636914983872565,0.0001816099404140618,0.2827758979013514
7,attn.v,250408.64837301447,53.255071242847464,0.00020975725483699412,0.1650116166193393
7,attn_sub_norm.output,77461.37619484952,11.035394411340981,0.00012196768171453147,0.5167526627423894
7,post_attention_layernorm.output,128417.17820447544,23.228056100999574,0.0001664065883557536,0.39195343508731734
7,ffn.up_proj,1973731.322683004,3147.3821439589005,0.0014828673944261605,0.3677874013009966
7,ffn_sub_norm.output,283431.28499161836,118.11216468942156,0.00012809333396139884,0.9515859185630409
7,block_output,607481490.6344206,137286.05843263457,0.00022081073855121554,0.21290671405390585
8,input_layernorm.output,1453.2398287963347,0.3240016992717982,0.00019880621939556573,0.45262202892726466
8,attn.q_pre_rope,119518.29920978629,25.572331296166805,0.00018739786191944392,0.48258717646317717
8,attn.k_pre_rope,149555.24048324084,32.076045725645336,0.00020052637838632927,0.35475717485107605
8,attn.v,388504.0306753586,101.07844681247417,0.0002577480901769998,0.13622600227612003
8,attn_sub_norm.output,125579.82852353319,21.137009038154584,0.00015840944548197133,0.3379977379959163
8,post_attention_layernorm.output,125444.5447199678,26.682685152423886,0.0001892641584622454,0.4563577908821069
8,ffn.up_proj,1986151.6241976593,3813.6568506892013,0.0017390757576126949,0.4238973031317066
8,ffn_sub_norm.output,227872.27624263553,31.13979621044753,0.00010995465912025243,0.5937937484010763
8,block_output,668459600.3137332,146184.25456572778,0.00021408584743322812,0.20407842675906915
9,input_layernorm.output,1183.8724593468673,0.2666649145721109,0.00019925227164739056,0.4663683842472182
9,attn.q_pre_rope,116642.20029646218,24.619497587403224,0.00019360174889943057,0.39832135643307376
9,attn.k_pre_rope,115360.74390363474,25.214891475669482,0.00020266952135540917,0.3744822521548553
9,attn.v,362349.81061537756,91.4051576950303,0.00025037502167051174,0.12191351410531448
9,attn_sub_norm.output,117441.170770731,17.93569357081105,0.0001453534908659353,0.3068419914656146
9,post_attention_layernorm.output,117353.79356032766,24.851717848518575,0.00018832265836635087,0.4573441925738091
9,ffn.up_proj,1689244.5591000137,3332.252680997119,0.0017387234875212334,0.47232492076373483
9,ffn_sub_norm.output,244235.9827339125,31.7276255828965,9.193421123995518e-05,0.7065130073253819
9,block_output,722191320.1536098,155372.09781279907,0.00021103846199712129,0.19432907517714362
10,input_layernorm.output,1278.8877980495397,0.28330205441242023,0.00019598889759082897,0.46609059316247775
10,attn.q_pre_rope,131549.69432879728,26.819493009849744,0.00018969140804961476,0.36645206905078753
10,attn.k_pre_rope,149638.41982258434,31.619862033863026,0.0001972003925856211,0.3592670827867766
10,attn.v,284655.4270675337,72.02042418221929,0.0002494441888204981,0.16727780370848427
10,attn_sub_norm.output,94683.56053719146,13.32135394141001,0.00011813148961905511,0.5431469880925486
10,post_attention_layernorm.output,119526.99051678662,24.55825400651829,0.0001839332354661615,0.445628873521317
10,ffn.up_proj,1679811.6552548383,3128.636419409927,0.001639397800188553,0.47457108281779625
10,ffn_sub_norm.output,242346.03940440208,19.665723936854626,5.7549565178369173e-05,0.7050084843678208
10,block_output,762100995.8972176,160683.93963388383,0.0002070670004167669,0.18841638974454217
11,input_layernorm.output,1209.9086742395064,0.2566106933305644,0.00018901833522897967,0.4535839869456339
11,attn.q_pre_rope,143129.6025949908,28.89858310440351,0.00019072867997638117,0.3280924238352309
11,attn.k_pre_rope,167314.2317586881,34.6744463715183,0.00019678436139785964,0.3136415561721757
11,attn.v,294791.4402505609,71.39445719541433,0.0002391533398163086,0.15776539298570738
11,attn_sub_norm.output,134018.63301795017,19.131469476097084,0.00012467360597635777,0.48708219095000926
11,post_attention_layernorm.output,126745.81245153624,25.39477309246664,0.00018078281939821268,0.43112834963939795
11,ffn.up_proj,1990217.5339364288,3533.4401477761176,0.0016061388784290847,0.4261318361862591
11,ffn_sub_norm.output,209708.98891082374,21.11043250371653,7.602150039925516e-05,0.655505716739588
11,block_output,792663550.735328,165054.84979157307,0.00020472323366479267,0.1827038549388041
12,input_layernorm.output,1082.869798267548,0.23324850998812438,0.00019476004674455773,0.42714134639248735
12,attn.q_pre_rope,130543.08067071192,28.47235493769412,0.00020818307271109734,0.2982112674736161
12,attn.k_pre_rope,153975.5799274677,30.407467008245533,0.00018830561461137118,0.3012945309335933
12,attn.v,256823.77537136237,60.755774810466264,0.0002332665927417305,0.16643229408107607
12,attn_sub_norm.output,162902.12288058127,21.82975346486512,0.00011742549351789236,0.4818117155539793
12,post_attention_layernorm.output,123610.07202085112,24.665273366087014,0.00018063422008429553,0.42488189183557407
12,ffn.up_proj,1990787.0173994002,3569.037473755555,0.001624916101924304,0.42248879619459084
12,ffn_sub_norm.output,162089.4726470538,41.459558905449896,0.00017464475383732902,0.7306168514834505
12,block_output,811149582.4415509,167882.1149754461,0.00020329088075669518,0.1876667430176547
13,input_layernorm.output,1197.8522446445554,0.2424189479230507,0.00018304091669331155,0.4265782898517919
13,attn.q_pre_rope,140312.75731023177,26.90014843800173,0.00018351290576618633,0.2893806073963246
13,attn.k_pre_rope,144171.9062959216,29.00085972323418,0.0001910075311694382,0.3135996545286163
13,attn.v,329193.12742522435,76.18077609326947,0.0002288488128277422,0.14855753394973825
13,attn_sub_norm.output,173103.46352687458,39.96497188276773,0.00020440755691398854,0.46489328992966755
13,post_attention_layernorm.output,121106.15604914557,24.395798179034134,0.00018241353399924982,0.4242581992017048
13,ffn.up_proj,1829013.0346875608,3321.842875740159,0.0016021459801691894,0.4709785956925813
13,ffn_sub_norm.output,186763.09056395484,18.166012108345583,6.795993335265607e-05,0.7154247529750223
13,block_output,836255772.4387324,170896.1082443896,0.0002007496987417972,0.18710423075119453
14,input_layernorm.output,1256.852019929156,0.2551200250740306,0.000183102232235187,0.43162015141871324
14,attn.q_pre_rope,147342.71185912116,29.351879457857443,0.00019134985408075846,0.27810045312933973
14,attn.k_pre_rope,196989.69984494112,35.982895632592204,0.00017133700472695212,0.346660143832388
14,attn.v,487021.27167404094,118.64044763330723,0.0002425815163977482,0.09153681445690957
14,attn_sub_norm.output,133535.10999733367,19.194852136164933,0.00012396910829008638,0.5061752663248734
14,post_attention_layernorm.output,120780.17436649112,24.347328108952343,0.00018172139504975737,0.4328453580770586
14,ffn.up_proj,1753936.0500591234,3162.1443508131306,0.0015963999645522244,0.4646968526033354
14,ffn_sub_norm.output,223695.5173153901,23.881684853298157,8.200099810915457e-05,0.6403432899363828
14,block_output,874371950.7373568,175444.81351384043,0.0001970617804781111,0.18833226779366996
15,input_layernorm.output,1138.6496388266235,0.22870312359833622,0.00017946090375278552,0.4490905751639886
15,attn.q_pre_rope,143829.30572730995,29.62260493972576,0.000196457921761079,0.3001886028950703
15,attn.k_pre_rope,165702.4908322141,35.0103573201142,0.00019800586575307387,0.3489184048455852
15,attn.v,268943.87932243414,66.24434689819729,0.00024199817554811334,0.186353550286215
15,attn_sub_norm.output,224894.0101892445,33.79651209302332,0.00011803162945356401,0.6189575543229373
15,post_attention_layernorm.output,131435.99965001977,25.94906956464798,0.00017641477346497673,0.4489283336508033
15,ffn.up_proj,1964407.3165033774,3363.324688675147,0.0014970909183265953,0.48520296006768593
15,ffn_sub_norm.output,270743.23494595394,32.68057389774214,7.73752270560424e-05,0.7675262759896129
15,block_output,914576444.772955,181669.80422587774,0.00019522036824722036,0.18470631108277413
16,input_layernorm.output,974.5291170611579,0.2098646092095863,0.00019024160870103333,0.46860542482838885
16,attn.q_pre_rope,129439.56325637073,30.933411561474134,0.0002266976914765256,0.316456622955919
16,attn.k_pre_rope,171536.29566945884,35.358170711205396,0.00019686645000927905,0.2963608654813898
16,attn.v,261540.9188176871,61.819154793716535,0.0002336106837689972,0.1522200800056513
16,attn_sub_norm.output,204587.69938830633,30.57297934647708,0.00012119608960253063,0.5850215356553803
16,post_attention_layernorm.output,128785.02476608062,24.937306098821026,0.0001716030771799808,0.46326714496157717
16,ffn.up_proj,2082808.6000007298,3493.121182177994,0.0014916094919664876,0.4571547933795881
16,ffn_sub_norm.output,214900.63355886133,34.66547352404294,0.000110145471511889,0.7305852177986175
16,block_output,954697171.9239868,188980.79537850036,0.00019467000991892983,0.18124450402630002
17,input_layernorm.output,1036.8789707579183,0.22279398772712586,0.00018772708657342898,0.48650412183584224
17,attn.q_pre_rope,122102.29752547656,29.04041824474575,0.00022220279745251918,0.35657713608668995
17,attn.k_pre_rope,193162.27941811,39.28781492025391,0.00019370906814249148,0.30488535087784635
17,attn.v,365581.9798636142,83.2483511079537,0.00022577980589021194,0.13008029041352395
17,attn_sub_norm.output,197532.53365711684,26.271515022241672,9.94092374874291e-05,0.6643217249737308
17,post_attention_layernorm.output,129559.15735678432,24.889296333253583,0.00016893748524805474,0.47610212422353115
17,ffn.up_proj,2082616.7041260856,3392.837527250894,0.001431839450394141,0.477001803707864
17,ffn_sub_norm.output,300782.8938686507,30.71696588554028,6.223104585998646e-05,0.7928850815252084
17,block_output,998234063.7230394,193786.350806204,0.00019081392510986075,0.1840201208464577
18,input_layernorm.output,1023.3806720863943,0.22300543516792934,0.0001883252679391298,0.5030934341170272
18,attn.q_pre_rope,131214.9555690966,30.905842254329805,0.00022252025846166614,0.32782054080287887
18,attn.k_pre_rope,154401.85270261494,33.9643131292342,0.00021038399385197982,0.2920398083098335
18,attn.v,339119.0676871473,78.8778021624425,0.00022907239829331538,0.17340735525836373
18,attn_sub_norm.output,291587.1947548452,46.103728827367675,0.00011819281511811414,0.6642380314814005
18,post_attention_layernorm.output,126813.74288301721,24.432862865215846,0.00016718042607132748,0.49706104937442064
18,ffn.up_proj,2123631.064330855,3337.698857773756,0.0013626923541093141,0.49827117436883467
18,ffn_sub_norm.output,300116.76711573446,39.898342522445034,3.946684202424806e-05,0.9549175914590262
18,block_output,1048937475.7626466,203072.35420972804,0.0001904219933531044,0.18039592406764787
19,input_layernorm.output,1093.3809948961066,0.2227419374812121,0.00017099279442449918,0.5435787084219356
19,attn.q_pre_rope,153400.17434149154,32.47745532224996,0.00020119255924315582,0.3113687791974119
19,attn.k_pre_rope,152295.61849902314,30.84339338345533,0.0001932960363328472,0.2984058973861719
19,attn.v,358305.10192711465,81.38240966001423,0.00022417623042437509,0.1607920180437999
19,attn_sub_norm.output,312101.7285982249,40.86205320119864,0.00010300387344951046,0.6172884069006803
19,post_attention_layernorm.output,131332.3513914222,24.13444007958015,0.00015830317040273423,0.5078624816667494
19,ffn.up_proj,2295782.6790393293,3227.3795092118175,0.001224283963992848,0.49147942273520445
19,ffn_sub_norm.output,558309.7532239608,39.07824215303756,3.8783275342828905e-05,0.8324530608890967
19,block_output,1104022904.1429513,209078.3004785907,0.00018603836639171067,0.18698803127923447
20,input_layernorm.output,1106.5315178520673,0.2183361413678966,0.0001617344235193737,0.5728317331704676
20,attn.q_pre_rope,122549.11122484732,25.98039131923176,0.00019109864075630325,0.4329678039504307
20,attn.k_pre_rope,177005.9171299084,32.07763096169709,0.00016969651696160262,0.35095166013099605
20,attn.v,347109.0680304967,75.0778566272127,0.00021408872033011283,0.14245706977567815
20,attn_sub_norm.output,406769.0006514754,54.28744752220593,0.00010890532586931108,0.5780323098296773
20,post_attention_layernorm.output,136032.94542132065,23.98361413474762,0.00014952804340071402,0.5298203725086524
20,ffn.up_proj,2316542.823265739,3182.396915249074,0.0011778577848630721,0.5146658422492042
20,ffn_sub_norm.output,500828.0728413694,142.6574155238231,8.567598961425015e-05,0.9536925721459119
20,block_output,1160643234.5284522,219958.6411764792,0.00018521023991972503,0.21191396956723862
21,input_layernorm.output,1158.8123230273313,0.23478182051669472,0.00016563996987931985,0.5758590648263103
21,attn.q_pre_rope,127779.31830308064,26.655041121678543,0.00019204915429840475,0.39039374937690663
21,attn.k_pre_rope,183395.38185843176,35.192836402827545,0.00017509420111200074,0.40920315199023477
21,attn.v,294339.2709374677,70.85149091683722,0.00023748931975415237,0.16312764534564694
21,attn_sub_norm.output,453309.9179457692,55.65430845365189,8.66375161516685e-05,0.7085394053028077
21,post_attention_layernorm.output,137571.2421656503,26.012547053549003,0.00015881733877642305,0.5426959475067289
21,ffn.up_proj,2168587.331014594,3297.657473051051,0.001260666444491527,0.5592003962859426
21,ffn_sub_norm.output,497028.5523287369,44.043694444270564,3.82667737641391e-05,0.9019518572203107
21,block_output,1223710603.016627,227855.23550296001,0.0001820613382714723,0.20967259353525444
22,input_layernorm.output,1251.322100819769,0.2511600996760132,0.00015977558042616744,0.6052585249602489
22,attn.q_pre_rope,160711.2706595278,33.06540206150202,0.0001884360449489552,0.40146209658950716
22,attn.k_pre_rope,164205.007320118,31.944627963100945,0.0001766288994575649,0.41913108341729927
22,attn.v,389379.74489051173,96.74448970446683,0.000244833784794349,0.17017763776101724
22,attn_sub_norm.output,775047.4835763291,130.5246160886674,0.00015743320376834143,0.3550979692211298
22,post_attention_layernorm.output,130545.88929185017,23.85818443897203,0.00014981526787839463,0.5727202775720042
22,ffn.up_proj,2424383.1584743364,3458.852418384334,0.0012126700918293335,0.5268048964165523
22,ffn_sub_norm.output,560745.583108775,55.759391842607464,5.128396032950779e-05,0.8567461705266453
22,block_output,1392543418.4512815,252005.39148051973,0.0001773463666846681,0.1990515707671613
23,input_layernorm.output,1030.1883322965757,0.19373399081755005,0.00014219497156319673,0.6544243152833339
23,attn.q_pre_rope,116082.36962174746,22.511045786574122,0.00017542780291273527,0.426206500003474
23,attn.k_pre_rope,184521.5586781122,31.38760931245071,0.0001570648862742258,0.3839510251602864
23,attn.v,251476.40139384847,60.02203419806291,0.00023022434628786566,0.2637943681947748
23,attn_sub_norm.output,552398.0395122705,58.34306500162261,6.0639334109045335e-05,0.8187576011831141
23,post_attention_layernorm.output,131713.88176270563,23.118748156305216,0.00014139222032407848,0.5925271790620116
23,ffn.up_proj,2449086.2069047303,3518.8561550455242,0.0012166350343791664,0.5319672050520253
23,ffn_sub_norm.output,634231.9543282252,74.30216799658594,7.582934164024197e-05,0.7622627871007598
23,block_output,1461998173.596827,263821.5218124509,0.00017715578040976998,0.1902807578932852
24,input_layernorm.output,991.9455630224876,0.17943668944468905,0.00013658749365448548,0.6556435594881826
24,attn.q_pre_rope,120618.72301595636,22.621574533861807,0.00017024852226971447,0.4194708847791168
24,attn.k_pre_rope,165262.93023845364,30.441770110266877,0.00017042892782213008,0.37941110595975847
24,attn.v,354083.7531418238,78.85190450540722,0.00022108446213931114,0.1199680987044925
24,attn_sub_norm.output,443884.073182402,55.991807691693644,8.853914149175112e-05,0.7122673185751858
24,post_attention_layernorm.output,127877.67404828726,22.105360631783352,0.00013922072759979404,0.5927583914328012
24,ffn.up_proj,2477545.397742088,3674.0134414392423,0.001277543105291907,0.5077536626966482
24,ffn_sub_norm.output,472372.2618507568,55.02967940770857,5.6503817146956326e-05,0.8744996238062824
24,block_output,1539370227.7719305,275055.9346870725,0.00017568168753078457,0.1824499612029239
25,input_layernorm.output,1213.015663542726,0.21373409616356334,0.00013055086642383852,0.6715913367905474
25,attn.q_pre_rope,147007.13372146265,27.25447818171125,0.00016867468813618682,0.4150261710396932
25,attn.k_pre_rope,167636.24548706642,30.022179014879043,0.00016361770713868164,0.4066144631854569
25,attn.v,277785.4100398363,62.633630773836636,0.00022083058676527798,0.20191917169998896
25,attn_sub_norm.output,665226.5169286324,99.12830463380679,0.00011254756085952045,0.6554023061646921
25,post_attention_layernorm.output,118280.9969352643,19.833916427107226,0.00013420270115566962,0.599563048882481
25,ffn.up_proj,2384741.842793261,3429.6013839365246,0.0012477702682304717,0.49721807387810296
25,ffn_sub_norm.output,526741.3097707451,71.71038451789903,8.18077853383803e-05,0.7993161366878866
25,block_output,1649866281.8432033,296838.2650820574,0.00017730831012056897,0.16965796866459662
26,input_layernorm.output,1048.9675876784754,0.1756739292514825,0.00011947232585551371,0.7007754969318569
26,attn.q_pre_rope,138240.23149937214,23.279094861240168,0.00015370944691528457,0.4084383711492073
26,attn.k_pre_rope,133270.66555697843,24.700723587892266,0.00016595019654163293,0.4453224775489169
26,attn.v,216598.66567917727,49.09924150469845,0.0002211051397232288,0.22047138272700545
26,attn_sub_norm.output,800971.6259400204,116.84207610796938,0.00011046840024798253,0.6530914709151153
26,post_attention_layernorm.output,116512.48297929282,18.989280434420298,0.00013075921723094014,0.5969223428885038
26,ffn.up_proj,2649465.9286922337,3638.154696326969,0.0012163235084498244,0.4641037789525255
26,ffn_sub_norm.output,482838.1039333992,70.66291921681021,8.788046310841211e-05,0.7996358806044995
26,block_output,1723385661.5530095,310470.84303446475,0.00017771241675396763,0.16400275279230486
27,input_layernorm.output,1001.5113578986511,0.16050118514381526,0.00011071670076485238,0.7229874629554296
27,attn.q_pre_rope,137657.59024841312,20.41074859403856,0.00013675487605699675,0.3864147042125674
27,attn.k_pre_rope,137398.94558911287,24.490557216403637,0.00016226532459514225,0.41382969471623027
27,attn.v,260212.32685635783,56.51093596434309,0.0002129341451061952,0.19659705752170847
27,attn_sub_norm.output,979311.122838396,144.2097812875599,0.0001238987135151953,0.5404422260989292
27,post_attention_layernorm.output,128209.51321567367,21.256813559762673,0.0001340052298095971,0.5888442799287876
27,ffn.up_proj,3206524.8696531267,4655.687874254872,0.001319699317817367,0.41697014001062566
27,ffn_sub_norm.output,679811.2804381816,111.66785938568509,8.050677546175612e-05,0.8716611986511709
27,block_output,1712008124.8682053,309901.3885303376,0.00017843789783229136,0.1681821934572398
28,input_layernorm.output,1330.5852095976416,0.20747858919683676,0.00011025778571630614,0.7071170879070459
28,attn.q_pre_rope,167921.74781724968,23.74389623797483,0.00012910898023468702,0.4077683216828062
28,attn.k_pre_rope,145387.3534183768,26.49498966860286,0.0001632044502629268,0.44493999681273144
28,attn.v,268960.5517041486,63.8744811793125,0.00023143938761520063,0.22422538185813054
28,attn_sub_norm.output,1946321.1404233887,303.61275404614406,0.00014620789404733901,0.34860083874425246
28,post_attention_layernorm.output,120702.34034599329,20.656896217943824,0.00013618397621492008,0.6056252780889088
28,ffn.up_proj,4156121.0334109617,5523.525776421322,0.0012473766676085998,0.3450727494819084
28,ffn_sub_norm.output,1209384.0069874416,221.54809329760283,0.00011314360761118658,0.7864712141759204
28,block_output,1747821183.0349205,314397.09598183713,0.00017709992705696275,0.17511542266235497
29,input_layernorm.output,2097.70946510712,0.373510369296679,0.000137253018657414,0.6370280784921021
29,attn.q_pre_rope,190886.28625964726,29.07831056243561,0.0001394765806028694,0.40208522130411395
29,attn.k_pre_rope,194252.04962367835,35.086240411805186,0.0001722592621506793,0.3007625141553475
29,attn.v,122638.4176512401,23.090033544284076,0.00015309666872301294,0.5820619065658779
29,attn_sub_norm.output,3136460.36488842,516.5592502495037,0.00013809746536180267,0.5448947590556332
29,post_attention_layernorm.output,100699.69105712291,15.57396272364825,0.00010138135381039615,0.7551763104109481
29,ffn.up_proj,4286189.964689969,6085.562809202165,0.0013094406621207873,0.3865543777251415
29,ffn_sub_norm.output,2577146.110258206,457.23446775267564,8.360823785165206e-05,0.8820009641336349
29,block_output,1296757684.0810568,244003.29899066556,0.00017861086006810072,0.314585954896518
