factual_capital	dense	128	30	720 16533 25 12366 13 220 8922 25 3788 1129 2185 960 1018 1036 3074 916 61875 14 60704 271 3923 374 279 6864 315 9822 30 22559 25 12366
factual_capital	random	128	30	720 16533 25 12366 13 220 8922 25 3788 1129 2185 960 1018 1036 3074 916 61875 14 60704 271 3923 374 279 6864 315 9822 30 22559 25 12366
factual_capital	random	64	30	720 16533 25 12366 13 220 8922 25 3788 1129 2185 960 1018 1036 3074 916 61875 14 60704 271 3923 374 279 6864 315 9822 30 22559 25 12366
factual_capital	random	32	30	720 16533 25 12366 13 220 8922 25 3788 1129 2185 960 1018 1036 3074 916 61875 14 60704 271 3923 374 279 6864 315 9822 30 22559 25 12366
factual_capital	random	16	30	720 16533 25 12366 13 220 8922 25 3788 1129 2185 960 1018 1036 3074 916 14 32409 14 6864 8838 10826 98231 8838 51478 685 271 220 16 13
factual_capital	random	8	30	720 16533 25 12366 13 220 12366 374 279 6864 315 9822 13 60704 374 279 6864 315 279 7928 3363 304 279 6864 315 279 6864 315 279 3224
factual_capital	random	4	30	578 4320 374 279 6864 315 279 4320 374 279 4320 374 279 6864 315 279 4320 311 279 374 6327 315 279 374 279 4320 374 279 4320 311
factual_capital	routed	128	30	720 16533 25 12366 13 220 8922 25 3788 1129 2185 960 1018 1036 3074 916 61875 14 60704 271 3923 374 279 6864 315 9822 30 22559 25 12366
factual_capital	routed	64	30	720 16533 25 12366 13 220 8922 25 3788 1129 2185 960 1018 1036 3074 916 61875 14 60704 271 3923 374 279 6864 315 9822 30 22559 25 12366
factual_capital	routed	32	30	720 16533 25 12366 13 220 8922 25 3788 1129 2185 960 1018 1036 3074 916 61875 14 60704 271 3923 374 279 6864 315 10057 30 22559 25 20437
factual_capital	routed	16	30	720 16533 25 12366 13 220 8922 25 3788 1129 2185 960 1018 1036 3074 916 61875 14 60704 13 220 8922 25 3788 1129 2185 960 1018 1036 3074
factual_capital	routed	8	30	720 16533 25 12366 13 12366 374 279 6864 315 9822 13 1102 374 264 3363 3967 369 1202 13970 61024 11 13042 26431 11 323 439 279 4851 315
factual_capital	routed	4	30	720 16533 25 12366 13 220 12366 374 279 6864 315 9822 13 1102 374 1101 3967 439 279 4409 315 8828 11 279 4409 315 10919 11 323 279
factual_capital	oracle	128	30	720 16533 25 12366 13 220 8922 25 3788 1129 2185 960 1018 1036 3074 916 61875 14 60704 271 3923 374 279 6864 315 9822 30 22559 25 12366
factual_capital	oracle	64	30	720 16533 25 12366 13 220 8922 25 3788 1129 2185 960 1018 1036 3074 916 61875 14 60704 271 3923 374 279 6864 315 9822 30 22559 25 12366
factual_capital	oracle	32	30	720 16533 25 12366 13 220 8922 25 3788 1129 2185 960 1018 1036 3074 916 61875 14 60704 271 3923 374 279 6864 315 9822 30 22559 25 12366
factual_capital	oracle	16	30	720 16533 25 12366 13 220 8922 25 3788 1129 2185 960 1018 1036 3074 916 14 32409 81970 685 271 567 7927 3465 25 9842 459 3187 315 1268
factual_capital	oracle	8	30	720 16533 25 12366 13 220 12366 374 279 6864 315 9822 13 220 12366 374 279 6864 315 9822 13 220 12366 374 279 6864 315 279 6864 315
factual_capital	oracle	4	30	720 16533 25 12366 13 12366 374 279 6864 315 279 3224 315 279 6864 315 279 220 20 13 22559 374 279 220 18 13 578 4320 374 279
factual_hamlet	dense	128	30	720 16533 25 12656 42482 6267 9777 1169 13 1283 574 459 6498 99468 323 40360 11 9405 389 5936 220 1419 11 220 10132 19 11 304 54035 8350
factual_hamlet	random	128	30	720 16533 25 12656 42482 6267 9777 1169 13 1283 574 459 6498 99468 323 40360 11 9405 389 5936 220 1419 11 220 10132 19 11 304 54035 8350
factual_hamlet	random	64	30	720 16533 25 12656 42482 6267 9777 1169 13 1283 574 459 6498 99468 323 40360 11 9405 389 5936 220 1419 11 220 10132 19 11 304 54035 8350
factual_hamlet	random	32	30	720 16533 25 12656 42482 6267 9777 1169 13 1283 574 459 6498 99468 323 40360 11 9405 389 5936 220 1419 11 220 10132 19 11 304 54035 8350
factual_hamlet	random	16	30	720 16533 25 12656 42482 6267 9777 1169 13 1283 574 459 6498 99468 323 40360 11 323 374 1888 3967 369 813 4375 578 1183 3359 13 1283 374
factual_hamlet	random	8	30	720 16533 25 12656 42482 13 1283 574 459 6498 99468 323 264 4562 315 279 9777 1169 596 7126 13 1283 374 279 6342 315 279 4113 1514 13
factual_hamlet	random	4	30	10699 574 264 1633 11495 1514 5439 555 264 1514 264 1732 889 6267 264 1514 11 264 3446 264 1514 264 1514 264 1514 264 1514 264 1514 264
factual_hamlet	routed	128	30	720 16533 25 12656 42482 6267 9777 1169 13 1283 574 459 6498 99468 323 40360 11 9405 389 5936 220 1419 11 220 10132 19 11 304 54035 8350
factual_hamlet	routed	64	30	720 16533 25 12656 42482 6267 9777 1169 13 1283 574 459 6498 99468 323 40360 11 9405 389 5936 220 1419 11 220 10132 19 11 304 54035 8350
factual_hamlet	routed	32	30	720 16533 25 12656 42482 6267 9777 1169 13 1283 574 459 6498 99468 323 40360 11 9405 389 5936 220 1419 11 220 10132 19 11 304 54035 8350
factual_hamlet	routed	16	30	720 16533 25 12656 42482 6267 9777 1169 13 1283 574 459 6498 99468 323 40360 11 9405 304 220 10132 19 304 54035 8350 5352 263 6830 59270 11
factual_hamlet	routed	8	30	720 16533 25 12656 42482 6267 9777 1169 13 1283 574 459 6498 99468 323 40360 11 9405 304 220 10132 19 304 54035 8350 5352 263 6830 59270 11
factual_hamlet	routed	4	30	720 12 12656 42482 374 279 3229 315 9777 1169 627 17 13 3639 374 279 6376 315 9777 1169 5380 12 578 6376 315 9777 1169 374 35440 11
factual_hamlet	oracle	128	30	720 16533 25 12656 42482 6267 9777 1169 13 1283 574 459 6498 99468 323 40360 11 9405 389 5936 220 1419 11 220 10132 19 11 304 54035 8350
factual_hamlet	oracle	64	30	720 16533 25 12656 42482 6267 9777 1169 13 1283 574 459 6498 99468 323 40360 11 9405 389 5936 220 1419 11 220 10132 19 11 304 54035 8350
factual_hamlet	oracle	32	30	720 16533 25 12656 42482 6267 9777 1169 13 1283 574 459 6498 99468 323 40360 11 9405 389 5936 220 1419 11 220 10132 19 11 304 54035 8350
factual_hamlet	oracle	16	30	720 16533 25 12656 42482 6267 9777 1169 13 1283 574 459 6498 99468 323 40360 11 9405 304 220 10132 19 323 8636 304 220 10718 21 13 1283
factual_hamlet	oracle	8	30	720 16533 25 12656 42482 13 4815 14924 25 3639 374 279 1925 7057 315 9777 1169 30 22559 25 81649 13 14924 25 3639 374 279 1925 7057 315
factual_hamlet	oracle	4	30	720 32 25 12656 42482 198 15546 6267 7553 64 198 32 13 42482 323 279 1005 315 279 1176 220 18 13 220 323 220 18 13 578 1514
factual_columbus	dense	128	30	720 16533 25 220 10161 17 271 14924 25 3639 374 279 836 315 279 7928 32843 30 22559 25 13936 271 14924 25 3639 374 279 836 315 279
factual_columbus	random	128	30	720 16533 25 220 10161 17 271 14924 25 3639 374 279 836 315 279 7928 32843 30 22559 25 13936 271 14924 25 3639 374 279 836 315 279
factual_columbus	random	64	30	720 16533 25 220 10161 17 271 14924 25 3639 374 279 836 315 279 7928 32843 30 22559 25 13936 271 14924 25 3639 374 279 836 315 279
factual_columbus	random	32	30	720 16533 25 220 10161 17 271 14924 25 3639 374 279 836 315 279 7928 32843 30 22559 25 13936 271 14924 25 3639 374 279 7928 18435 389
factual_columbus	random	16	30	720 16533 25 220 10161 17 13 220 6075 25 220 10161 17 13 220 10161 17 13 220 10161 17 13 220 10161 17 13 220 17 13 220
factual_columbus	random	8	30	3639 574 279 1176 7665 3224 311 279 52248 30 3639 574 279 1176 311 279 1060 430 568 574 279 1176 7665 311 279 52248 13 1115 374 279
factual_columbus	random	4	30	578 52248 304 279 220 3965 15 82 13 2028 374 264 220 3965 15 13 220 16 264 220 16 220 3965 271 791 1060 304 220 17 13
factual_columbus	routed	128	30	720 16533 25 220 10161 17 271 14924 25 3639 374 279 836 315 279 7928 32843 30 22559 25 13936 271 14924 25 3639 374 279 836 315 279
factual_columbus	routed	64	30	720 16533 25 220 10161 17 271 14924 25 3639 374 279 836 315 279 7928 32843 30 22559 25 13936 271 14924 25 3639 374 279 836 315 279
factual_columbus	routed	32	30	720 16533 25 220 10161 17 271 14924 25 3639 374 279 836 315 279 7928 32843 30 22559 25 13936 271 14924 25 3639 374 279 836 315 279
factual_columbus	routed	16	30	720 16533 25 220 10161 17 271 14924 25 3639 374 279 836 315 279 7928 11841 304 1057 13238 1887 30 22559 25 50789 271 14924 25 3639 374
factual_columbus	routed	8	30	720 16533 25 220 10161 17 13 720 14924 25 3639 574 279 836 315 279 8448 32917 76844 389 813 1176 45640 311 279 52248 30 22559 25 16376
factual_columbus	routed	4	30	720 256 482 32917 11721 304 279 52248 304 220 10161 17 382 14924 25 2650 1690 3115 706 32917 11721 304 279 52248 5380 256 482 32917 11721 304
factual_columbus	oracle	128	30	720 16533 25 220 10161 17 271 14924 25 3639 374 279 836 315 279 7928 32843 30 22559 25 13936 271 14924 25 3639 374 279 836 315 279
factual_columbus	oracle	64	30	720 16533 25 220 10161 17 271 14924 25 3639 374 279 836 315 279 7928 32843 30 22559 25 13936 271 14924 25 3639 374 279 836 315 279
factual_columbus	oracle	32	30	720 16533 25 220 10161 17 271 14924 25 3639 374 279 836 315 279 7928 32843 30 22559 25 13936 271 14924 25 3639 374 279 836 315 279
factual_columbus	oracle	16	30	720 16533 25 220 10161 17 13 6075 25 32917 11721 304 279 52248 304 220 10161 17 13 6075 25 220 10161 17 13 6075 25 220 10161 17
factual_columbus	oracle	8	30	720 16533 25 220 10161 17 13 6075 25 220 10161 17 13 6075 25 220 10161 17 13 6075 25 220 10161 17 13 6075 25 220 10161 17
factual_columbus	oracle	4	30	720 358 1097 358 4495 304 279 52248 374 279 4495 279 52248 11 358 1097 358 4495 279 3723 4273 11 323 1148 374 279 52248 13 358 574
def_photosynth	dense	128	30	279 1920 555 902 11012 5625 3177 4907 1139 11742 4907 13 1115 1920 374 7718 369 279 20237 315 11012 323 1101 369 279 20237 315 10099 430 6904
def_photosynth	random	128	30	279 1920 555 902 11012 5625 3177 4907 1139 11742 4907 13 1115 1920 374 7718 369 279 20237 315 11012 323 1101 369 279 20237 315 10099 430 6904
def_photosynth	random	64	30	279 1920 555 902 11012 5625 3177 4907 1139 11742 4907 13 1115 1920 374 7718 369 279 20237 315 11012 323 1101 369 279 20237 315 10099 430 6904
def_photosynth	random	32	30	279 1920 555 902 11012 5625 3177 4907 1139 11742 4907 13 1115 1920 374 7718 369 279 20237 315 11012 323 1101 369 279 20237 315 10099 430 6904
def_photosynth	random	16	30	279 1920 555 902 11012 5625 3177 4907 1139 11742 4907 13 1115 1920 374 264 16595 3777 315 279 3691 8957 11 439 433 374 279 6156 2592 315
def_photosynth	random	8	30	279 1920 555 902 11012 5625 3177 4907 1139 11742 4907 13 1115 4907 374 279 16665 315 279 4907 14747 315 4907 13 1102 374 279 4907 315 279
def_photosynth	random	4	30	279 1920 555 902 11012 1935 709 279 7397 74767 374 279 11012 1005 315 279 11012 11 279 279 11012 1005 315 279 7160 4238 279 7160 596 1005
def_photosynth	routed	128	30	279 1920 555 902 11012 5625 3177 4907 1139 11742 4907 13 1115 1920 374 7718 369 279 20237 315 11012 323 1101 369 279 20237 315 10099 430 6904
def_photosynth	routed	64	30	279 1920 555 902 11012 5625 3177 4907 1139 11742 4907 13 1115 1920 374 7718 369 279 20237 315 11012 323 1101 369 279 20237 315 10099 430 6904
def_photosynth	routed	32	30	279 1920 555 902 11012 5625 3177 4907 1139 11742 4907 13 1115 1920 374 7718 369 279 20237 315 11012 323 1101 369 279 20237 315 10099 430 6904
def_photosynth	routed	16	30	279 1920 555 902 11012 5625 3177 4907 1139 11742 4907 13 1115 1920 374 7718 369 279 20237 315 11012 323 1101 369 279 20237 315 10099 430 6904
def_photosynth	routed	8	30	279 1920 555 902 11012 5625 3177 4907 1139 11742 4907 13 1115 1920 374 264 16595 961 315 279 6136 596 2324 11008 323 374 8647 369 279 5788
def_photosynth	routed	4	30	279 1920 555 902 11012 5625 3177 4907 1139 11742 4907 13 1115 1920 374 264 16595 961 315 279 6136 596 2324 11008 323 374 8647 369 279 5788
def_photosynth	oracle	128	30	279 1920 555 902 11012 5625 3177 4907 1139 11742 4907 13 1115 1920 374 7718 369 279 20237 315 11012 323 1101 369 279 20237 315 10099 430 6904
def_photosynth	oracle	64	30	279 1920 555 902 11012 5625 3177 4907 1139 11742 4907 13 1115 1920 374 7718 369 279 20237 315 11012 323 1101 369 279 20237 315 10099 430 6904
def_photosynth	oracle	32	30	279 1920 555 902 11012 5625 3177 4907 1139 11742 4907 13 1115 1920 374 7718 369 279 20237 315 11012 323 1101 369 279 20237 315 10099 430 6904
def_photosynth	oracle	16	30	279 1920 555 902 11012 5625 3177 4907 1139 11742 4907 13 1115 1920 374 7718 369 279 20237 315 11012 323 1023 5496 44304 430 6904 389 11012 369
def_photosynth	oracle	8	30	279 1920 555 902 11012 5625 3177 4907 1139 11742 4907 13 1115 1920 374 2663 7397 74767 13 1102 374 279 1920 555 902 11012 5625 3177 4907 1139
def_photosynth	oracle	4	30	279 1920 555 902 11012 5625 3177 4907 1139 11742 25481 323 3637 4907 374 279 3560 304 279 6136 323 4907 374 51782 13 4314 527 279 220 16
def_gravity	dense	128	30	34145 6302 7119 1855 1023 13 578 5457 315 24128 374 55272 311 279 3148 315 279 6302 323 65683 989 55272 311 279 6138 1990 279 6302 13 578
def_gravity	random	128	30	34145 6302 7119 1855 1023 13 578 5457 315 24128 374 55272 311 279 3148 315 279 6302 323 65683 989 55272 311 279 6138 1990 279 6302 13 578
def_gravity	random	64	30	34145 6302 7119 1855 1023 13 578 5457 315 24128 374 55272 311 279 3148 315 279 6302 323 65683 989 55272 311 279 6138 1990 279 6302 13 578
def_gravity	random	32	30	34145 6302 7119 1855 1023 13 578 5457 315 24128 374 55272 311 279 3148 315 279 6302 323 65683 989 55272 311 279 6138 1990 279 6302 13 578
def_gravity	random	16	30	34145 6302 7119 1855 1023 13 578 5457 315 24128 374 55272 311 279 3148 315 279 1665 323 65683 989 55272 311 279 6138 1990 279 6302 13 1102
def_gravity	random	8	30	34145 6302 7119 279 4219 315 279 9420 13 1102 374 264 5457 430 14385 389 279 9420 13 1102 374 279 5457 430 374 279 1890 5457 430 374
def_gravity	random	4	30	34145 6302 9017 279 9420 596 24128 374 279 9420 596 6958 13 1115 374 264 5457 430 374 279 5457 430 61191 279 1890 439 264 5457 430 279
def_gravity	routed	128	30	34145 6302 7119 1855 1023 13 578 5457 315 24128 374 55272 311 279 3148 315 279 6302 323 65683 989 55272 311 279 6138 1990 279 6302 13 578
def_gravity	routed	64	30	34145 6302 7119 1855 1023 13 578 5457 315 24128 374 55272 311 279 3148 315 279 6302 323 65683 989 55272 311 279 6138 1990 279 6302 13 578
def_gravity	routed	32	30	34145 6302 7119 1855 1023 13 578 5457 315 24128 374 55272 311 279 3148 315 279 6302 323 65683 989 55272 311 279 6138 1990 279 6302 13 578
def_gravity	routed	16	30	34145 6302 7119 1855 1023 13 578 5457 315 24128 374 55272 311 279 3148 315 279 6302 323 65683 989 55272 311 279 6138 1990 1124 13 578 15150
def_gravity	routed	8	30	34145 6302 7119 1855 1023 13 1102 374 279 5457 430 13912 279 33975 304 27605 2212 279 7160 97751 374 1101 279 5457 430 13912 603 45445 389 9420
def_gravity	routed	4	30	34145 6302 7119 279 4219 315 279 9420 13 1102 374 279 5457 430 13912 603 45445 323 29034 603 505 19596 3201 1139 3634 13 578 5457 315 24128
def_gravity	oracle	128	30	34145 6302 7119 1855 1023 13 578 5457 315 24128 374 55272 311 279 3148 315 279 6302 323 65683 989 55272 311 279 6138 1990 279 6302 13 578
def_gravity	oracle	64	30	34145 6302 7119 1855 1023 13 578 5457 315 24128 374 55272 311 279 3148 315 279 6302 323 65683 989 55272 311 279 6138 1990 279 6302 13 578
def_gravity	oracle	32	30	34145 6302 7119 1855 1023 13 578 5457 315 24128 374 55272 311 279 3148 315 279 6302 323 65683 989 55272 311 279 6138 1990 279 6302 13 578
def_gravity	oracle	16	30	34145 6302 7119 1855 1023 13 578 5457 315 24128 374 55272 311 279 3148 315 279 1665 323 65683 989 55272 311 279 6138 1990 279 1403 6302 13
def_gravity	oracle	8	30	34145 6302 7119 279 4219 315 279 9420 13 39509 374 279 5457 430 34145 6302 7119 279 4219 315 279 9420 97751 374 279 5457 430 34145 6302 7119
def_gravity	oracle	4	30	34145 6302 7119 1855 1023 13 264 13 220 17 13 220 18 13 220 19 13 220 19 13 220 17 13 220 19 13 220 17 13 220
def_ml	dense	128	30	315 21075 11478 430 18065 279 4500 315 26249 430 2187 19002 311 4048 505 828 13 1102 374 264 27084 315 21075 11478 430 18065 279 4500 315 26249
def_ml	random	128	30	315 21075 11478 430 18065 279 4500 315 26249 430 2187 19002 311 4048 505 828 13 1102 374 264 27084 315 21075 11478 430 18065 279 4500 315 26249
def_ml	random	64	30	315 21075 11478 430 18065 279 4500 315 26249 430 2187 19002 311 4048 505 828 13 1102 374 264 27084 315 21075 11478 430 18065 279 4500 315 26249
def_ml	random	32	30	315 21075 11478 430 18065 279 4500 315 26249 430 2187 19002 311 4048 505 828 13 1102 374 264 27084 315 21075 11478 430 18065 279 4500 315 26249
def_ml	random	16	30	315 21075 11478 430 18065 279 4500 315 26249 430 2187 19002 311 4048 505 828 11 323 7417 927 892 13 1226 2866 13 1115 374 264 10824 315
def_ml	random	8	30	315 21075 11478 430 18065 279 1005 315 26249 311 1920 828 311 24564 11 14532 323 14532 828 13 4452 11 433 374 264 15105 315 279 1005 315
def_ml	random	4	30	315 4007 430 18065 279 1005 315 828 374 264 1920 430 279 828 311 387 1511 304 264 1920 430 374 1511 304 279 828 374 264 1920 430
def_ml	routed	128	30	315 21075 11478 430 18065 279 4500 315 26249 430 2187 19002 311 4048 505 828 13 1102 374 264 27084 315 21075 11478 430 18065 279 4500 315 26249
def_ml	routed	64	30	315 21075 11478 430 18065 279 4500 315 26249 430 2187 19002 311 4048 505 828 13 1102 374 264 27084 315 21075 11478 430 18065 279 4500 315 26249
def_ml	routed	32	30	315 21075 11478 430 18065 279 4500 315 26249 430 2187 19002 311 4048 505 828 13 1102 374 264 27084 315 21075 11478 430 18065 279 4500 315 26249
def_ml	routed	16	30	315 21075 11478 430 18065 279 4500 315 26249 430 2187 19002 311 4048 505 828 323 7417 872 5178 927 892 13 1102 374 264 27084 315 21075 11478
def_ml	routed	8	30	315 21075 11478 430 18065 279 4500 315 26249 323 29564 4211 430 7431 19002 311 2804 9256 2085 1694 21650 56168 311 2804 279 3465 13 4314 26249 649
def_ml	routed	4	30	315 21075 11478 430 18065 279 1005 315 26249 311 4820 828 323 1304 20492 477 11429 3196 389 430 828 13 1102 374 264 27084 315 60089 6975 11
def_ml	oracle	128	30	315 21075 11478 430 18065 279 4500 315 26249 430 2187 19002 311 4048 505 828 13 1102 374 264 27084 315 21075 11478 430 18065 279 4500 315 26249
def_ml	oracle	64	30	315 21075 11478 430 18065 279 4500 315 26249 430 2187 19002 311 4048 505 828 13 1102 374 264 27084 315 21075 11478 430 18065 279 4500 315 26249
def_ml	oracle	32	30	315 21075 11478 430 18065 279 4500 315 26249 430 2187 19002 311 4048 505 828 13 1102 374 264 27084 315 21075 11478 430 18065 279 1005 315 26249
def_ml	oracle	16	30	315 21075 11478 430 18065 279 4500 315 26249 430 2187 19002 311 4048 505 828 13 4452 11 1070 527 1690 2204 4595 315 6975 26249 323 12823 430
def_ml	oracle	8	30	315 21075 11478 430 18065 279 1005 315 26249 311 24564 828 323 1304 20492 477 11429 3196 389 430 828 13 4452 11 5780 6975 374 264 27084 315
def_ml	oracle	4	30	430 18065 279 1005 315 26249 311 24564 828 323 1304 20492 3196 389 430 828 13 4452 11 5780 6975 323 828 323 1304 20492 3196 389 264 502
nar_once	dense	128	60	11 1070 574 264 3995 3828 7086 30505 13 3005 574 264 1633 22999 323 68188 3828 13 3005 10456 311 13488 323 7142 502 2574 13 3861 1938 11 1364 6773 311 13488 279 14373 13952 13 3005 19937 1077 34236 449 1063 43402 11 264 3090 16893 11 323 264 79515 13 3005 743 1022 389 1077 11879
nar_once	random	128	60	11 1070 574 264 3995 3828 7086 30505 13 3005 574 264 1633 22999 323 68188 3828 13 3005 10456 311 13488 323 7142 502 2574 13 3861 1938 11 1364 6773 311 13488 279 14373 13952 13 3005 19937 1077 34236 449 1063 43402 11 264 3090 16893 11 323 264 79515 13 3005 743 1022 389 1077 11879
nar_once	random	64	60	11 1070 574 264 3995 3828 7086 30505 13 3005 574 264 1633 22999 323 68188 3828 13 3005 10456 311 13488 323 7142 502 2574 13 3861 1938 11 1364 6773 311 13488 279 14373 13952 13 3005 19937 1077 34236 449 1063 43402 11 264 3090 16893 11 323 264 79515 13 3005 743 1022 389 1077 11879
nar_once	random	32	60	11 1070 574 264 3995 3828 7086 30505 13 3005 574 264 1633 22999 323 68188 3828 13 3005 10456 311 13488 323 7142 502 2574 13 3861 1938 11 1364 6773 311 13488 279 14373 13952 13 3005 19937 1077 2574 323 743 704 389 1077 11879 13 3005 574 1633 12304 323 2539 315 1077 28361 13 3005
nar_once	random	16	60	11 1070 574 264 3995 3828 7086 30505 13 3005 574 264 1633 22999 323 68188 3828 13 3005 574 2744 3411 369 502 2574 311 656 323 13488 279 1917 2212 1077 13 3861 1938 11 1364 1766 264 26454 3830 449 264 15234 323 264 3830 13 3005 574 264 1633 3062 311 1077 13 3005 574 264
nar_once	random	8	60	11 1070 574 264 3995 3828 7086 30505 13 30505 13 3005 574 264 1633 22999 323 22999 13 3005 574 2744 10371 1077 1888 4333 11 719 1364 574 264 1633 7941 323 7941 13 7 1964 836 574 264 892 13 1283 574 264 1888 4885 13 1102 574 264 1633 1888 4333 11 323 1077 264 28568
nar_once	random	4	60	11 1070 574 264 892 11 1070 574 264 892 11 264 892 11 264 892 11 279 892 11 892 11 264 892 11 264 13 12220 279 892 11 323 264 892 11 892 11 892 11 892 11 892 11 279 892 11 892 264 892 11 892 11 892 11 892 11 264 11 323 892
nar_once	routed	128	60	11 1070 574 264 3995 3828 7086 30505 13 3005 574 264 1633 22999 323 68188 3828 13 3005 10456 311 13488 323 7142 502 2574 13 3861 1938 11 1364 6773 311 13488 279 14373 13952 13 3005 19937 1077 34236 449 1063 43402 11 264 3090 16893 11 323 264 79515 13 3005 743 1022 389 1077 11879
nar_once	routed	64	60	11 1070 574 264 3995 3828 7086 30505 13 3005 574 264 1633 22999 323 68188 3828 13 3005 10456 311 13488 323 7142 502 2574 13 3861 1938 11 1364 6773 311 13488 279 14373 13952 13 3005 19937 1077 34236 449 1063 43402 11 264 3090 16893 11 323 264 79515 13 3005 743 1022 389 1077 11879
nar_once	routed	32	60	11 1070 574 264 3995 3828 7086 30505 13 3005 574 264 1633 22999 323 68188 3828 13 3005 10456 311 13488 323 7142 502 2574 13 3861 1938 11 1364 6773 311 13488 279 14373 33633 13 3005 19937 1077 34236 449 1063 43402 11 264 79515 11 323 264 2472 13 3005 743 1022 389 1077 13260 323
nar_once	routed	16	60	11 1070 574 264 3995 3828 7086 30505 13 3005 574 264 1633 22999 323 68188 3828 13 30505 574 2744 3411 369 502 2574 311 13488 323 4048 922 13 30505 574 1633 25530 323 1633 10107 13 3005 574 2744 279 1888 304 1077 538 323 2744 2751 279 8592 28711 13 30505 574 1633 3169 323 2744
nar_once	routed	8	60	11 1070 574 264 3995 3828 7086 30505 13 3005 574 264 1633 22999 323 68188 3828 13 30505 574 2744 3411 369 502 2574 311 13488 323 4048 922 13 30505 574 1101 1633 25530 323 1633 10107 13 3005 574 2744 279 1176 311 6381 1077 29559 323 311 1373 279 1455 5107 6603 13 30505 574 1101
nar_once	routed	4	60	11 1070 574 264 3995 3828 7086 48390 13 3005 574 264 1633 22999 323 68188 1716 11 2744 3411 369 502 2574 311 13488 323 4048 922 13 1283 574 264 1633 10107 5575 323 2744 24450 311 4048 502 2574 13 1283 574 1101 1633 22999 922 279 1917 2212 1461 323 2744 4934 311 13488 433 13
nar_once	oracle	128	60	11 1070 574 264 3995 3828 7086 30505 13 3005 574 264 1633 22999 323 68188 3828 13 3005 10456 311 13488 323 7142 502 2574 13 3861 1938 11 1364 6773 311 13488 279 14373 13952 13 3005 19937 1077 34236 449 1063 43402 11 264 3090 16893 11 323 264 79515 13 3005 743 1022 389 1077 11879
nar_once	oracle	64	60	11 1070 574 264 3995 3828 7086 30505 13 3005 574 264 1633 22999 323 68188 3828 13 3005 10456 311 13488 323 7142 502 2574 13 3861 1938 11 1364 6773 311 13488 279 14373 13952 13 3005 19937 1077 34236 449 1063 43402 11 264 3090 16893 11 323 264 79515 13 3005 743 1022 389 1077 11879
nar_once	oracle	32	60	11 1070 574 264 3995 3828 7086 30505 13 3005 574 264 1633 22999 323 68188 3828 13 3005 10456 311 13488 323 7142 502 2574 13 3861 1938 11 1364 6773 311 13488 279 14373 13952 13 3005 19937 1077 34236 449 1063 43402 11 3090 11 323 264 79515 13 3005 743 1022 389 1077 11879 13 3005
nar_once	oracle	16	60	11 1070 574 264 3995 3828 7086 30505 13 3005 574 264 1633 22999 323 68188 3828 13 30505 574 2744 3411 369 502 2574 311 4048 323 13488 13 3005 574 2744 3411 369 502 2574 311 4048 323 13488 13 3005 574 2744 3411 369 502 2574 311 4048 323 13488 13 30505 574 2744 3411 369 502
nar_once	oracle	8	60	11 1070 574 264 3995 3828 7086 35266 889 12439 304 264 2678 6424 13 6385 6699 1051 1633 7452 323 1633 10597 13 2435 527 1633 7452 323 10597 13 2435 527 1633 7452 323 1633 2697 1550 433 374 6327 13 35266 323 527 1633 13 323 279 3828 13 578 8681 13527 13 578 3828 596 13
nar_once	oracle	4	60	11 1070 574 264 3995 3828 7086 48390 13 578 3828 7086 48390 13 3005 574 264 1633 22999 323 1633 2204 505 279 220 18 13 20 11 323 1364 574 264 502 3828 596 11 323 1364 574 279 220 20 8 323 220 18 13 578 347 8 374 279 220 20 8 374 264 502 13
nar_storm	dense	128	60	279 1193 3177 3782 505 279 29447 4776 52305 13 578 10160 1268 839 323 279 12690 272 1127 291 11 323 279 11422 95579 279 15485 13 1102 574 264 4832 6376 369 264 22169 3446 13 578 10160 323 11422 1903 279 16975 4832 369 264 22169 3446 13 578 10160 323 11422 1903 279 16975 4832 369
nar_storm	random	128	60	279 1193 3177 3782 505 279 29447 4776 52305 13 578 10160 1268 839 323 279 12690 272 1127 291 11 323 279 11422 95579 279 15485 13 1102 574 264 4832 6376 369 264 22169 3446 13 578 10160 323 11422 1903 279 16975 4832 369 264 22169 3446 13 578 10160 323 11422 1903 279 16975 4832 369
nar_storm	random	64	60	279 1193 3177 3782 505 279 29447 4776 52305 13 578 10160 1268 839 323 279 12690 272 1127 291 11 323 279 11422 95579 279 15485 13 1102 574 264 4832 6376 369 264 22169 3446 13 578 10160 323 11422 1903 279 16975 4832 369 264 22169 3446 13 578 10160 323 11422 1903 279 16975 4832 369
nar_storm	random	32	60	279 1193 3177 3782 505 279 29447 4776 52305 13 578 10160 1268 839 323 279 12690 272 1127 291 11 323 279 11422 95579 279 15485 323 279 11276 13 791 3814 574 6453 323 279 1193 5222 574 279 10160 323 279 1193 3177 574 279 1193 5222 574 279 1193 279 11422 323 279 1193 3177 574
nar_storm	random	16	60	279 1193 3177 3782 505 279 29447 4776 8761 95857 13 1102 574 264 892 369 279 2362 893 311 1935 264 4321 304 279 13766 11 323 279 2362 893 574 279 2362 893 574 311 1935 264 264 279 893 311 1935 264 892 311 279 2362 893 311 1935 264 4321 11 323 311 279 2362 893
nar_storm	random	8	60	279 10160 574 1268 2785 11 323 279 10160 574 1268 2785 11 323 279 10160 574 1268 2785 11 323 279 10160 574 279 10160 323 279 10160 11 323 279 10160 11 279 10160 323 279 10160 323 279 10160 11 323 279 10160 11 279 10160 323 279 10160 11 323 279 10160 11 279 10160 11
nar_storm	random	4	60	264 96428 709 304 279 3814 11 323 279 264 13766 88 11 323 1243 11 279 1917 11 323 3814 11 323 304 279 13766 88 11 3814 11 304 279 323 1243 11 323 279 11 11 279 18266 323 279 1938 11 323 264 323 279 1917 323 1203 311 279 1828 11 323 279 279 13766
nar_storm	routed	128	60	279 1193 3177 3782 505 279 29447 4776 52305 13 578 10160 1268 839 323 279 12690 272 1127 291 11 323 279 11422 95579 279 15485 13 1102 574 264 4832 6376 369 264 22169 3446 13 578 10160 323 11422 1903 279 16975 4832 369 264 22169 3446 13 578 10160 323 11422 1903 279 16975 4832 369
nar_storm	routed	64	60	279 1193 3177 3782 505 279 29447 4776 52305 13 578 10160 1268 839 323 279 12690 272 1127 291 11 323 279 11422 95579 279 15485 13 1102 574 264 4832 6376 369 264 22169 3446 13 578 10160 323 11422 1903 279 16975 4832 369 264 22169 3446 13 578 10160 323 11422 1903 279 16975 4832 369
nar_storm	routed	32	60	279 1193 3177 3782 505 279 29447 4776 52305 13 578 10160 1268 839 323 279 12690 272 1127 291 11 323 279 11422 95579 2403 279 11276 13 1102 574 264 4832 6376 369 264 23347 11775 13 578 46684 11 264 3995 5333 7086 35266 11 7731 555 279 3321 11 1077 6548 8521 389 279 27394 4994
nar_storm	routed	16	60	279 1193 3177 3782 505 279 29447 4776 8761 95857 13 578 10160 1268 839 1555 279 12690 11 323 279 11422 95579 2403 279 11276 13 578 2362 3838 14980 7636 11 1202 11276 6453 323 4384 13 578 10160 323 11422 8738 311 8919 279 3838 11 323 279 11276 11 323 279 3838 14980 11 1202 11276
nar_storm	routed	8	60	279 10160 574 1268 2785 1093 264 3854 315 56271 13 578 2362 893 11 889 574 3131 264 7795 4858 11 574 1457 264 7795 4858 369 279 9581 13 1283 1047 2744 10456 279 9581 11 719 1457 568 1047 311 1304 264 5496 505 433 13 1283 1047 311 2230 369 1667 11 323 1457 568 574
nar_storm	routed	4	60	279 1193 3177 3782 505 279 29447 4776 52305 13 2435 1051 682 20802 2212 279 4027 11 279 41463 315 279 39885 8405 264 5647 315 6981 323 4868 13 578 4027 17944 839 323 43333 11 25146 29447 4776 35612 389 279 14620 11 6968 459 16975 315 41463 323 7296 13 791 52305 1051 9277 389 279
nar_storm	oracle	128	60	279 1193 3177 3782 505 279 29447 4776 52305 13 578 10160 1268 839 323 279 12690 272 1127 291 11 323 279 11422 95579 279 15485 13 1102 574 264 4832 6376 369 264 22169 3446 13 578 10160 323 11422 1903 279 16975 4832 369 264 22169 3446 13 578 10160 323 11422 1903 279 16975 4832 369
nar_storm	oracle	64	60	279 1193 3177 3782 505 279 29447 4776 52305 13 578 10160 1268 839 323 279 12690 272 1127 291 11 323 279 11422 95579 279 15485 13 1102 574 264 4832 6376 369 264 22169 3446 13 578 10160 323 11422 1903 279 16975 4832 369 264 22169 3446 13 578 10160 323 11422 1903 279 16975 4832 369
nar_storm	oracle	32	60	279 1193 3177 3782 505 279 29447 4776 52305 13 578 10160 1268 839 323 279 12690 272 1127 291 11 323 279 11422 95579 279 15485 13 1102 574 264 1633 40666 3814 11 323 358 574 7636 304 279 3838 13 358 574 11961 555 279 4027 11 323 358 574 5403 264 2363 13 578 10160 1268
nar_storm	oracle	16	60	279 1193 3177 3782 505 279 29447 4776 52305 13 578 10160 1268 839 323 279 12690 272 1127 291 323 10707 52530 304 279 10160 13 578 13766 574 70517 11 323 279 33538 70939 304 279 13180 13 578 37943 323 279 13766 88 3814 11 279 10160 11 323 279 12690 272 1127 287 13 578 10160
nar_storm	oracle	8	60	279 1193 3177 3782 505 279 3321 13 1102 574 264 892 369 279 1176 892 369 279 1176 892 369 279 1176 892 369 279 1176 892 369 279 1176 892 369 279 1176 369 279 1176 892 13 1102 574 369 279 1176 892 13 1102 574 1176 369 279 1176 369 279 1176 13 1102 574 1176
nar_storm	oracle	4	60	279 10160 323 279 13766 88 3814 13 578 13766 88 3814 11 279 220 18 13 578 13766 88 3814 13 18 13 220 18 13 578 13766 88 3814 13 262 362 13 220 18 13 15 13 578 763 264 13 220 18 13 323 279 13 262 362 13 323 279 13766 13 323 279 13766
nar_discovery	dense	128	60	430 279 828 574 539 13263 449 279 3685 3135 13 3005 6773 311 312 10397 20588 279 828 323 312 23831 279 6492 13 4740 312 10397 309 5859 279 828 11 1364 15393 430 279 828 574 539 13263 449 279 3685 3135 13 3005 6773 311 312 23831 279 6492 13 4740 312 10397 309 5859 279
nar_discovery	random	128	60	430 279 828 574 539 13263 449 279 3685 3135 13 3005 6773 311 312 10397 20588 279 828 323 312 23831 279 6492 13 4740 312 10397 309 5859 279 828 11 1364 15393 430 279 828 574 539 13263 449 279 3685 3135 13 3005 6773 311 312 23831 279 6492 13 4740 312 10397 309 5859 279
nar_discovery	random	64	60	430 279 828 574 539 13263 449 279 3685 3135 13 3005 6773 311 312 10397 20588 279 828 323 312 23831 279 6492 13 4740 312 10397 309 5859 279 828 11 1364 15393 430 279 828 574 539 13263 449 279 3685 3135 13 3005 6773 311 312 23831 279 6492 13 4740 312 10397 309 5859 279
nar_discovery	random	32	60	430 279 828 574 539 13263 449 279 3685 3135 13 3005 6773 311 312 10397 20588 279 828 323 312 23831 279 6492 13 4740 312 10397 309 5859 279 828 11 1364 15393 430 279 828 574 539 13263 449 279 3685 3135 13 3005 6773 311 312 23831 279 6492 323 312 10397 20588 279 828 13
nar_discovery	random	16	60	430 279 828 574 539 13263 449 279 3685 3135 13 1115 1436 387 4245 311 279 7241 477 279 6205 1404 477 279 6205 1404 13 578 28568 6773 311 1817 279 828 323 9616 279 828 323 279 3685 3135 13 578 828 13 1115 374 279 828 374 539 13263 449 279 828 374 539 13263 449
nar_discovery	random	8	60	430 279 828 574 33243 627 827 220 15 198 220 16 198 2 1115 374 279 4320 374 430 220 16 198 33 16 271 791 4320 374 430 279 828 574 539 264 220 16 220 16 271 791 828 574 220 16 220 16 220 16 271 17 220 15 220 16 271 16533 25 578 828
nar_discovery	random	4	60	430 279 828 574 539 1193 279 828 574 279 1401 311 387 279 828 574 539 279 828 574 279 828 323 539 311 387 279 279 279 828 311 279 1401 311 279 828 574 430 279 1401 311 279 828 279 1401 369 311 3619 279 279 828 430 279 13 374 279 828 311 1005 315
nar_discovery	routed	128	60	430 279 828 574 539 13263 449 279 3685 3135 13 3005 6773 311 312 10397 20588 279 828 323 312 23831 279 6492 13 4740 312 10397 309 5859 279 828 11 1364 15393 430 279 828 574 539 13263 449 279 3685 3135 13 3005 6773 311 312 23831 279 6492 13 4740 312 10397 309 5859 279
nar_discovery	routed	64	60	430 279 828 574 539 13263 449 279 3685 3135 13 3005 6773 311 312 10397 20588 279 828 323 312 23831 279 6492 13 4740 312 10397 309 5859 279 828 11 1364 15393 430 279 828 574 539 13263 449 279 3685 3135 13 3005 6773 311 312 23831 279 6492 13 4740 312 10397 309 5859 279
nar_discovery	routed	32	60	430 279 828 574 539 13263 449 279 3685 3135 13 3005 6773 311 312 10397 20588 279 828 323 312 23831 279 6492 13 4740 312 10397 309 5859 279 828 11 1364 15393 430 279 828 574 539 13263 449 279 3685 3135 13 3005 6773 311 312 23831 279 6492 13 4740 312 10397 309 5859 279
nar_discovery	routed	16	60	430 279 828 574 539 13263 449 279 3685 3135 13 3005 6773 311 312 10397 20588 279 828 323 1427 369 904 92922 13 3005 1101 6646 279 13336 430 279 828 2643 387 33243 477 50504 13 578 28568 574 96278 304 1077 6492 11 23391 430 1475 7872 574 41853 369 13 3005 574 1101 8010 430
nar_discovery	routed	8	60	430 279 828 574 539 13263 449 279 3685 3135 13 3005 6773 311 312 10397 20588 279 828 323 1766 430 279 828 574 539 13687 13 578 28568 312 10397 309 1619 279 828 323 1766 430 279 828 574 539 13263 449 279 3685 3135 13 3005 6773 311 312 10397 20588 279 828 323 1766 430
nar_discovery	routed	4	60	430 279 828 574 539 15062 13 578 28568 6773 311 1005 264 2204 1749 311 6667 828 13 578 28568 6773 311 1005 264 2204 1749 311 6667 828 13 578 28568 6773 311 1005 264 2204 1749 311 6667 828 13 578 28568 6773 311 1005 264 2204 1749 311 6667 828 13 9442 25 578 28568 6773
nar_discovery	oracle	128	60	430 279 828 574 539 13263 449 279 3685 3135 13 3005 6773 311 312 10397 20588 279 828 323 312 23831 279 6492 13 4740 312 10397 309 5859 279 828 11 1364 15393 430 279 828 574 539 13263 449 279 3685 3135 13 3005 6773 311 312 23831 279 6492 13 4740 312 10397 309 5859 279
nar_discovery	oracle	64	60	430 279 828 574 539 13263 449 279 3685 3135 13 3005 6773 311 312 10397 20588 279 828 323 312 23831 279 6492 13 4740 312 10397 309 5859 279 828 11 1364 15393 430 279 828 574 539 13263 449 279 3685 3135 13 3005 6773 311 312 23831 279 6492 13 4740 312 54589 279 6492 11
nar_discovery	oracle	32	60	430 279 828 574 539 13263 449 279 3685 3135 13 3005 6773 311 312 10397 20588 279 828 323 312 23831 279 6492 13 4740 312 54589 279 6492 11 1364 15393 430 279 828 574 13263 449 279 3685 3135 13 3005 6773 311 312 10397 20588 279 828 323 312 23831 279 6492 13 4740 312 54589
nar_discovery	oracle	16	60	430 279 828 574 539 13263 449 279 3685 3135 13 578 28568 6773 311 312 10397 20588 279 828 323 279 28568 6773 311 312 10397 20588 279 828 323 279 28568 6773 311 312 10397 20588 279 828 323 279 28568 6773 311 312 10397 20588 279 828 323 279 28568 6773 311 312 10397 20588 279 828
nar_discovery	oracle	8	60	430 279 828 574 539 13263 449 279 31178 13 1102 574 539 13263 449 279 31178 13 578 28568 596 31178 574 539 13263 449 279 31178 13 578 31178 323 31178 323 31178 323 279 31178 323 31178 13 578 31178 323 279 828 574 539 13263 449 279 31178 13 578 31178 13 578 31178 13 578
nar_discovery	oracle	4	60	430 279 828 574 539 1148 568 3685 13 578 28568 7111 520 279 828 323 15393 430 279 828 574 539 1148 568 3685 13 578 28568 374 430 279 828 374 539 1148 568 3685 13 578 28568 13 578 28568 574 539 1148 358 574 279 828 323 578 4320 374 264 3738 433 374 279 5536
math_add	dense	128	30	220 777 13 3082 477 3641 5380 16533 25 3082 13 220 717 5636 220 22 17239 220 777 13 3082 477 3641 13 22559 25 3082 13 220 717
math_add	random	128	30	220 777 13 3082 477 3641 5380 16533 25 3082 13 220 717 5636 220 22 17239 220 777 13 3082 477 3641 13 22559 25 3082 13 220 717
math_add	random	64	30	220 777 13 3082 477 3641 5380 16533 25 3082 13 220 717 5636 220 22 17239 220 777 13 3082 477 3641 13 22559 25 3082 13 220 717
math_add	random	32	30	220 777 13 3082 477 3641 5380 16533 25 3082 13 220 717 5636 220 22 17239 220 777 13 3082 477 3641 13 22559 25 3082 13 220 717
math_add	random	16	30	220 777 13 3082 477 3641 5380 16533 25 3082 13 220 17 13 220 18 13 220 18 13 220 18 13 220 16 13 220 18 13 220
math_add	random	8	30	220 777 13 1115 374 264 4382 35884 3575 13 4452 11 433 374 539 264 3575 11 433 374 264 1695 3187 11 433 374 264 3575 11 719
math_add	random	4	30	220 777 198 262 220 18 13 20 3115 220 374 220 18 220 18 13 358 649 387 220 20 13 1102 374 279 1890 439 220 18 220
math_add	routed	128	30	220 777 13 3082 477 3641 5380 16533 25 3082 13 220 717 5636 220 22 17239 220 777 13 3082 477 3641 13 22559 25 3082 13 220 717
math_add	routed	64	30	220 777 13 3082 477 3641 5380 16533 25 3082 13 220 717 5636 220 22 17239 220 777 13 3082 477 3641 13 22559 25 3082 13 220 717
math_add	routed	32	30	220 777 13 3082 477 3641 5380 16533 25 3082 13 220 717 5636 220 22 17239 220 777 13 3082 477 3641 13 22559 25 3082 13 220 717
math_add	routed	16	30	220 777 13 3082 477 3641 5380 16533 25 3082 13 220 717 5636 220 22 17239 220 777 13 3082 477 3641 13 22559 25 3082 13 220 717
math_add	routed	8	30	220 777 13 1115 374 264 4382 35884 5784 11 719 433 596 264 2294 3187 315 1268 264 4382 22702 649 387 1511 311 11886 264 3575 13 763
math_add	routed	4	30	220 777 13 2650 1690 810 1109 220 22 374 220 717 5636 220 717 5380 16533 25 220 1032 13 220 320 9290 25 578 3488 374 539 922
math_add	oracle	128	30	220 777 13 3082 477 3641 5380 16533 25 3082 13 220 717 5636 220 22 17239 220 777 13 3082 477 3641 13 22559 25 3082 13 220 717
math_add	oracle	64	30	220 777 13 3082 477 3641 5380 16533 25 3082 13 220 717 5636 220 22 17239 220 777 13 3082 477 3641 13 22559 25 3082 13 220 717
math_add	oracle	32	30	220 777 13 3082 477 3641 5380 16533 25 3082 13 220 717 5636 220 22 17239 220 777 13 3082 477 3641 13 22559 25 3082 13 220 717
math_add	oracle	16	30	220 777 13 3082 477 3641 5380 16533 25 3082 13 220 717 5636 220 22 17239 220 777 13 3082 477 3641 30 22559 25 3082 13 220 717
math_add	oracle	8	30	220 777 13 3082 477 3641 5380 16533 25 3082 13 220 717 5636 220 22 17239 220 777 13 220 777 5636 220 717 17239 220 777 13 3082
math_add	oracle	4	30	220 777 13 220 22 5636 220 19 17239 220 717 5636 220 22 17239 220 777 13 220 220 17 5636 220 19 17239 220 220 17 5636 220
math_div	dense	128	30	220 717 198 633 14924 25 2650 1690 3115 1587 220 8929 18255 555 220 717 17239 220 717 1980 37942 512 8929 18255 555 220 717 17239 220 717
math_div	random	128	30	220 717 198 633 14924 25 2650 1690 3115 1587 220 8929 18255 555 220 717 17239 220 717 1980 37942 512 8929 18255 555 220 717 17239 220 717
math_div	random	64	30	220 717 198 633 14924 25 2650 1690 3115 1587 220 8929 18255 555 220 717 17239 220 717 1980 37942 512 8929 18255 555 220 717 17239 220 717
math_div	random	32	30	220 717 198 633 14924 25 2650 1690 3115 1587 220 8929 18255 555 220 717 17239 220 717 1980 37942 512 8929 18255 555 220 717 17239 220 717
math_div	random	16	30	220 717 198 633 14924 25 2650 1690 3115 1587 220 8929 636 18255 555 220 717 1980 37942 512 8929 18255 555 220 717 374 6273 311 220 717
math_div	random	8	30	220 717 198 2 8929 18255 555 220 717 17239 220 8929 18255 555 220 717 17239 220 717 198 7 717 3115 220 717 3115 220 8929 17239 220
math_div	random	4	30	220 717 13 3011 596 279 4320 311 279 3575 220 16 13 4452 11 279 4320 220 17 11 220 16 11 220 16 11 220 717 11 220
math_div	routed	128	30	220 717 198 633 14924 25 2650 1690 3115 1587 220 8929 18255 555 220 717 17239 220 717 1980 37942 512 8929 18255 555 220 717 17239 220 717
math_div	routed	64	30	220 717 198 633 14924 25 2650 1690 3115 1587 220 8929 18255 555 220 717 17239 220 717 1980 37942 512 8929 18255 555 220 717 17239 220 717
math_div	routed	32	30	220 717 198 633 14924 25 2650 1690 3115 1587 220 8929 18255 555 220 717 17239 220 717 1980 37942 512 8929 18255 555 220 717 17239 220 717
math_div	routed	16	30	220 717 198 633 14924 25 2650 1690 3115 1587 220 8929 18255 555 220 717 17239 220 717 1980 16533 25 220 8929 18255 555 220 717 17239 220
math_div	routed	8	30	220 717 198 633 14924 25 3639 374 279 19463 315 264 27716 4183 1396 505 220 16 311 220 1041 1694 264 5361 315 220 717 1980 37942 512
math_div	routed	4	30	220 717 198 633 14924 25 3639 374 279 1121 315 220 8929 18255 555 220 717 1980 37942 512 1271 1505 279 1121 315 220 8929 18255 555 220
math_div	oracle	128	30	220 717 198 633 14924 25 2650 1690 3115 1587 220 8929 18255 555 220 717 17239 220 717 1980 37942 512 8929 18255 555 220 717 17239 220 717
math_div	oracle	64	30	220 717 198 633 14924 25 2650 1690 3115 1587 220 8929 18255 555 220 717 17239 220 717 1980 37942 512 8929 18255 555 220 717 17239 220 717
math_div	oracle	32	30	220 717 198 633 14924 25 2650 1690 3115 1587 220 8929 18255 555 220 717 17239 220 717 1980 37942 512 8929 18255 555 220 717 17239 220 717
math_div	oracle	16	30	220 717 198 633 14924 25 2650 1690 3115 1587 220 8929 18255 555 220 717 6273 220 717 1980 37942 512 8929 18255 555 220 717 17239 220 717
math_div	oracle	8	30	220 717 198 7 8929 611 220 717 8 284 220 717 198 8929 18255 555 220 717 17239 220 717 198 8929 18255 555 220 717 17239 220 717
math_div	oracle	4	30	220 717 198 220 8929 18255 555 220 717 17239 220 717 198 8929 18255 555 220 717 17239 220 717 17239 220 8929 18255 555 220 717 17239 220
reason_word	dense	128	30	220 17 4207 13 3639 374 279 4732 315 279 5542 5380 16533 25 220 1399 35061 271 70869 25 578 5542 31796 369 220 17 4207 11 779 279
reason_word	random	128	30	220 17 4207 13 3639 374 279 4732 315 279 5542 5380 16533 25 220 1399 35061 271 70869 25 578 5542 31796 369 220 17 4207 11 779 279
reason_word	random	64	30	220 17 4207 13 3639 374 279 4732 315 279 5542 5380 16533 25 220 1399 35061 271 70869 25 578 5542 31796 369 220 17 4207 11 779 279
reason_word	random	32	30	220 17 4207 13 3639 374 279 4732 315 279 5542 5380 16533 25 220 1399 35061 271 567 76902 25 578 4732 315 279 5542 271 567 76902 25
reason_word	random	16	30	220 17 4207 13 20 5298 220 20 5298 220 20 5298 220 17 5298 220 17 5298 220 20 5298 220 18 5298 220 17 5298 220 18 5298
reason_word	random	8	30	220 17 4207 11 323 279 5542 11 1148 374 220 17 11 279 5542 374 279 5542 8577 11 279 5542 374 220 16 11 323 220 16 11
reason_word	random	4	30	2035 279 2768 279 279 220 20 11 1243 433 374 264 2035 311 220 16 11 323 374 264 220 16 11 279 220 16 11 220 16 77
reason_word	routed	128	30	220 17 4207 13 3639 374 279 4732 315 279 5542 5380 16533 25 220 1399 35061 271 70869 25 578 5542 31796 369 220 17 4207 11 779 279
reason_word	routed	64	30	220 17 4207 13 3639 374 279 4732 315 279 5542 5380 16533 25 220 1399 35061 271 70869 25 578 5542 31796 369 220 17 4207 11 779 279
reason_word	routed	32	30	220 17 4207 13 3639 374 279 4732 315 279 5542 5380 16533 25 220 1399 35061 271 70869 25 578 5542 31796 369 220 17 4207 11 779 279
reason_word	routed	16	30	220 17 4207 13 1442 279 5542 11141 520 220 19 5298 323 30782 520 220 21 5298 11 279 8577 3952 220 17 4207 13 1442 279 5542 11141
reason_word	routed	8	30	220 17 4207 13 2650 1690 4207 1550 279 5542 5944 5380 16533 25 220 17 13 20 4207 13 578 5542 31796 369 220 17 4207 323 220 966
reason_word	routed	4	30	220 17 4207 13 2650 1690 8931 1550 279 5542 5944 422 433 31796 520 220 966 8931 824 6596 5380 16533 25 220 1399 8931 13 578 5542 596
reason_word	oracle	128	30	220 17 4207 13 3639 374 279 4732 315 279 5542 5380 16533 25 220 1399 35061 271 70869 25 578 5542 31796 369 220 17 4207 11 779 279
reason_word	oracle	64	30	220 17 4207 13 3639 374 279 4732 315 279 5542 5380 16533 25 220 1399 35061 271 70869 25 578 5542 31796 369 220 17 4207 11 779 279
reason_word	oracle	32	30	220 17 4207 13 3639 374 279 4732 315 279 5542 5380 16533 25 220 1399 35061 271 70869 25 578 5542 2163 520 220 18 5298 323 11721 520
reason_word	oracle	16	30	220 17 4207 13 1442 279 5542 11141 520 220 19 5298 323 30782 520 220 21 5298 11 279 8577 3952 220 19 4207 11 1268 1317 1053 279
reason_word	oracle	8	30	220 17 4207 13 578 5542 374 220 17 4207 3389 11 279 8577 3952 220 17 4207 11 279 5542 374 220 17 5298 11 279 5542 374 220
reason_word	oracle	4	30	220 17 4207 13 1115 374 279 5542 374 220 20 297 63510 304 279 1828 1938 11 279 5542 11141 520 220 18 5298 11 279 5542 30782 520
code_python	dense	128	60	720 220 422 308 366 220 17 25 471 220 16 198 220 775 25 471 76798 1471 12 16 8 489 76798 1471 12 17 696 2 13688 10648 512 2 1194 968 581 40445 7 605 595 220 674 9442 25 220 2131 198 14196 19884 2028 734 1595 76426 40445 63 5097 459 7698 1595 77 63
code_python	random	128	60	720 220 422 308 366 220 17 25 471 220 16 198 220 775 25 471 76798 1471 12 16 8 489 76798 1471 12 17 696 2 13688 10648 512 2 1194 968 581 40445 7 605 595 220 674 9442 25 220 2131 198 14196 19884 2028 734 1595 76426 40445 63 5097 459 7698 1595 77 63
code_python	random	64	60	720 220 422 308 366 220 17 25 471 220 16 198 220 775 25 471 76798 1471 12 16 8 489 76798 1471 12 17 696 2 13688 10648 512 2 1194 968 581 40445 7 605 595 220 674 9442 25 220 2131 198 14196 19884 2028 734 1595 76426 40445 63 5097 459 7698 1595 77 63
code_python	random	32	60	720 220 422 308 366 220 17 25 471 220 16 198 220 775 25 471 76798 1471 12 16 8 489 76798 1471 12 17 696 2 1296 198 1374 968 581 40445 7 20 595 674 24370 220 20 198 14196 19884 2028 2082 374 264 31919 734 430 48517 279 56229 80783 1396 13 1102 374 264
code_python	random	16	60	720 220 422 308 366 220 17 25 471 220 16 198 220 775 25 471 76798 1471 12 16 8 489 76798 1471 12 16 8 489 76798 1471 12 16 696 755 76798 7 16 997 262 471 76798 7 16 340 76426 40445 7 15 8 489 76798 7 15 8 489 76798 7 16 8 489
code_python	random	8	60	720 220 422 308 366 220 15 25 471 220 15 198 262 422 308 624 220 15 25 471 220 15 198 262 220 15 271 220 15 271 220 220 471 220 15 220 284 220 16 220 15 271 262 711 76798 1471 8 220 15 271 755 198 262 711 282 7 15 198 220 15
code_python	random	4	60	720 262 711 76798 1471 997 262 16178 7 16 8 1492 1160 19155 60 1492 528 198 262 16178 7 18 8 1492 1160 19155 60 284 76798 7 18 25 1160 8 341 996 1160 7 18 8 220 16 8 1492 220 16 8 1492 220 18 67 271 791 1176 220 18 8 1492 220 16
code_python	routed	128	60	720 220 422 308 366 220 17 25 471 220 16 198 220 775 25 471 76798 1471 12 16 8 489 76798 1471 12 17 696 2 13688 10648 512 2 1194 968 581 40445 7 605 595 220 674 9442 25 220 2131 198 14196 19884 2028 734 1595 76426 40445 63 5097 459 7698 1595 77 63
code_python	routed	64	60	720 220 422 308 366 220 17 25 471 220 16 198 220 775 25 471 76798 1471 12 16 8 489 76798 1471 12 17 696 2 13688 10648 512 2 1194 968 581 40445 7 605 595 220 674 9442 25 220 2131 198 14196 19884 2028 734 1595 76426 40445 63 5097 459 7698 1595 77 63
code_python	routed	32	60	720 220 422 308 366 220 17 25 471 220 16 198 220 775 25 471 76798 1471 12 16 8 489 76798 1471 12 17 696 2 3475 279 734 198 1374 968 581 40445 7 605 595 674 9442 25 220 2131 198 14196 19884 2028 734 1595 76426 40445 1471 47286 48517 279 56229 80783 1396 1701
code_python	routed	16	60	720 220 422 308 366 220 17 25 471 220 16 198 220 775 25 471 76798 1471 12 16 8 489 76798 1471 12 17 696 2 13688 10648 512 1374 968 581 40445 7 605 595 220 674 9442 25 220 2131 198 14196 19884 2028 8292 5829 51362 311 11294 279 80783 8668 13 1102 12621 369
code_python	routed	8	60	720 220 422 308 2717 220 16 25 471 308 198 220 775 25 471 76798 1471 12 16 8 489 76798 1471 12 17 696 2 13688 10648 512 2 1194 968 581 40445 7 605 595 220 674 9442 25 220 2131 198 14196 19884 2028 734 5829 51362 311 11294 279 56229 80783 1396 13 578 80783
code_python	routed	4	60	720 220 422 308 624 220 15 25 471 220 15 198 220 4508 308 624 220 16 25 471 220 16 198 220 775 25 471 76798 1471 12 16 8 489 76798 1471 12 16 696 755 76798 1471 1680 471 308 422 308 624 220 15 25 471 220 15 271 755 76798 1471 997 262 422
code_python	oracle	128	60	720 220 422 308 366 220 17 25 471 220 16 198 220 775 25 471 76798 1471 12 16 8 489 76798 1471 12 17 696 2 13688 10648 512 2 1194 968 581 40445 7 605 595 220 674 9442 25 220 2131 198 14196 19884 2028 734 1595 76426 40445 63 5097 459 7698 1595 77 63
code_python	oracle	64	60	720 220 422 308 366 220 17 25 471 220 16 198 220 775 25 471 76798 1471 12 16 8 489 76798 1471 12 17 696 2 13688 10648 512 2 1194 968 581 40445 7 605 595 220 674 9442 25 220 2131 198 14196 19884 2028 734 1595 76426 40445 63 5097 459 7698 1595 77 63
code_python	oracle	32	60	720 220 422 308 366 220 17 25 471 220 16 198 220 775 25 471 76798 1471 12 16 8 489 76798 1471 12 17 696 2 13688 10648 512 2 1194 968 581 40445 7 605 595 220 674 9442 25 220 2131 198 14196 19884 791 80783 734 304 13325 271 74694 12958 198 755 76798 1471
code_python	oracle	16	60	720 220 422 308 366 220 17 25 471 220 16 198 220 775 25 471 76798 1471 12 16 8 489 76798 1471 12 17 696 2 3475 279 734 198 755 76798 1471 1680 720 220 422 308 366 220 17 25 471 220 16 198 220 775 25 471 76798 1471 12 16 8 489 76798 1471
code_python	oracle	8	60	720 220 422 308 2717 220 16 25 471 308 198 220 775 25 471 76798 1471 12 16 8 489 76798 1471 12 17 696 755 25 220 16 198 755 76798 1471 1680 471 76798 1471 12 16 8 471 76798 1471 340 220 16 76798 1471 340 76426 40445 284 76798 323 76798 323 76798 323 76798
code_python	oracle	4	60	720 262 422 308 2717 220 16 25 471 308 198 262 775 471 308 16 489 76798 1471 17 11 308 16 11 308 17 284 76798 1471 1680 308 16 11 308 17 11 308 16 284 76798 323 471 279 1121 11 308 284 220 16 8 284 220 17 8 323 279 1566 220 18 25
code_loop	dense	128	60	1194 1998 340 14196 19884 2028 2082 690 1194 279 5219 505 220 15 311 220 24 11 832 824 1584 382 74694 12958 198 2000 602 304 2134 7 605 1680 1194 1998 340 14196 19884 2028 2082 690 1194 279 5219 505 220 15 311 220 24 11 832 824 1584 382 74694 12958 198 2000 602 304
code_loop	random	128	60	1194 1998 340 14196 19884 2028 2082 690 1194 279 5219 505 220 15 311 220 24 11 832 824 1584 382 74694 12958 198 2000 602 304 2134 7 605 1680 1194 1998 340 14196 19884 2028 2082 690 1194 279 5219 505 220 15 311 220 24 11 832 824 1584 382 74694 12958 198 2000 602 304
code_loop	random	64	60	1194 1998 340 14196 19884 2028 2082 690 1194 279 5219 505 220 15 311 220 24 11 832 824 1584 382 74694 12958 198 2000 602 304 2134 7 605 1680 1194 1998 340 14196 19884 2028 2082 690 1194 279 5219 505 220 15 311 220 24 11 832 824 1584 382 74694 12958 198 2000 602 304
code_loop	random	32	60	1194 1998 340 14196 19884 2028 2082 690 1194 279 5219 505 220 15 311 220 24 11 832 824 1584 382 74694 12958 198 2000 602 304 2134 7 605 1680 1194 1998 8 220 674 24370 220 15 311 220 24 198 14196 19884 2028 2082 690 1194 279 5219 505 220 15 311 220 24 323 220
code_loop	random	16	60	1194 1998 340 14196 19884 2028 2082 690 1194 279 5219 505 220 15 311 220 24 11 719 433 690 539 1194 220 15 311 220 605 13 4452 11 422 499 1390 311 1194 279 5219 505 220 15 311 220 605 271 1271 1194 279 5219 505 220 15 311 220 605 11 499 649 387 1511
code_loop	random	8	60	1194 1998 340 2 9442 25 220 15 11 220 16 11 220 17 11 220 18 11 220 20 11 220 22 11 220 17 11 220 18 11 220 15 11 220 19 220 22 11 220 15 11 220 15 11 220 19 11 220 18 11 220 15 220 15 11 220 15 11 220 16
code_loop	random	4	60	220 674 220 17 25 220 20 271 755 10603 11 674 17 271 755 636 279 1566 398 220 16 13 220 18 13 17830 11 220 17 11 220 17 636 279 674 11 220 17 198 11 220 674 18 11 279 674 11 220 16 220 18 220 18 11 220 15 220 19 220 17
code_loop	routed	128	60	1194 1998 340 14196 19884 2028 2082 690 1194 279 5219 505 220 15 311 220 24 11 832 824 1584 382 74694 12958 198 2000 602 304 2134 7 605 1680 1194 1998 340 14196 19884 2028 2082 690 1194 279 5219 505 220 15 311 220 24 11 832 824 1584 382 74694 12958 198 2000 602 304
code_loop	routed	64	60	1194 1998 340 14196 19884 2028 2082 690 1194 279 5219 505 220 15 311 220 24 11 832 824 1584 382 74694 12958 198 2000 602 304 2134 7 605 1680 1194 1998 340 14196 19884 2028 2082 690 1194 279 5219 505 220 15 311 220 24 11 832 824 1584 382 74694 12958 198 2000 602 304
code_loop	routed	32	60	1194 1998 340 14196 19884 2028 2082 690 1194 279 5219 505 220 15 311 220 24 11 832 824 1584 382 74694 12958 198 2000 602 304 2134 7 605 1680 1194 1998 340 14196 19884 2028 2082 690 1194 279 5219 505 220 15 311 220 605 11 832 824 1584 382 74694 12958 198 2000 602 304
code_loop	routed	16	60	1194 1998 340 14196 19884 2028 2082 690 1194 279 5219 505 220 15 311 220 24 11 832 824 1584 382 74694 12958 198 2000 602 304 2134 7 605 1680 1194 1998 340 14196 19884 2028 2082 690 1101 1194 279 5219 505 220 15 311 220 24 11 719 304 420 1162 11 433 690 1194 279
code_loop	routed	8	60	1194 1998 340 14196 19884 644 420 2082 11 584 617 264 369 6471 430 5480 988 927 279 2134 315 5219 505 220 15 311 220 24 13 1115 3445 430 279 6471 690 1629 220 605 3115 11 323 369 1855 20140 11 433 690 1194 279 1396 382 74694 12958 198 2000 602 304 2134 7 605
code_loop	routed	4	60	220 674 22070 1555 279 5219 220 15 311 220 24 198 262 369 503 304 2134 7 605 1680 220 674 22070 1555 279 5219 220 15 311 220 24 198 220 369 602 304 2134 7 605 997 262 1194 968 14461 72 92 374 264 10461 1396 1158 220 369 602 304 2134 7 605 997 262
code_loop	oracle	128	60	1194 1998 340 14196 19884 2028 2082 690 1194 279 5219 505 220 15 311 220 24 11 832 824 1584 382 74694 12958 198 2000 602 304 2134 7 605 1680 1194 1998 340 14196 19884 2028 2082 690 1194 279 5219 505 220 15 311 220 24 11 832 824 1584 382 74694 12958 198 2000 602 304
code_loop	oracle	64	60	1194 1998 340 14196 19884 2028 2082 690 1194 279 5219 505 220 15 311 220 24 11 832 824 1584 382 74694 12958 198 2000 602 304 2134 7 605 1680 1194 1998 340 14196 19884 2028 2082 690 1194 279 5219 505 220 15 311 220 24 11 832 824 1584 382 74694 12958 198 2000 602 304
code_loop	oracle	32	60	1194 1998 340 14196 19884 2028 2082 690 1194 279 5219 505 220 15 311 220 24 11 832 824 1584 382 74694 12958 198 2000 602 304 2134 7 605 1680 1194 1998 340 14196 19884 2028 2082 690 1194 279 5219 505 220 15 311 220 24 11 832 824 1584 382 74694 12958 198 2000 602 304
code_loop	oracle	16	60	1194 1998 340 14196 19884 2028 2082 690 1194 279 5219 505 220 15 311 220 24 11 1855 389 264 502 1584 382 74694 12958 198 2000 602 304 2134 7 605 1680 1194 1998 340 14196 19884 2028 2082 690 1194 279 5219 505 220 15 311 220 24 11 1855 389 264 502 1584 13 1115 2082
code_loop	oracle	8	60	1194 1998 340 66 284 220 15 26 1194 1998 1237 1194 1998 1237 1194 1998 1237 1194 1998 1237 1194 1998 1237 1194 1998 1237 1194 1998 1237 1194 1998 1237 1194 1998 1237 1194 1998 1237 1194 1998 1237 1194 1998 1237 1194 1998 1237 1194 1998 1237 1194 1998 1237 1194 1998 1237 1194 1998 6030 1194
code_loop	oracle	4	60	1194 1998 340 40 13 220 605 13 220 16 13 220 605 13 220 16 13 220 16 13 220 605 13 220 16 13 220 16 13 220 605 13 220 16 13 220 16 13 220 605 13 220 16 13 220 16 13 220 605 13 16 13 320 320 16 13 320 16 13 220
code_comment	dense	128	60	304 36488 2015 198 633 322 5830 311 3460 459 1358 315 26864 304 44184 2015 198 1723 3460 1895 11179 8 341 220 1095 10839 9014 284 2961 10838 1209 64 11 293 8 591 264 482 293 317 220 471 10839 9014 280 633 322 5830 311 10134 459 1358 315 26864 304 36488 2015 198 1723 10134
code_comment	random	128	60	304 36488 2015 198 633 322 5830 311 3460 459 1358 315 26864 304 44184 2015 198 1723 3460 1895 11179 8 341 220 1095 10839 9014 284 2961 10838 1209 64 11 293 8 591 264 482 293 317 220 471 10839 9014 280 633 322 5830 311 10134 459 1358 315 26864 304 36488 2015 198 1723 10134
code_comment	random	64	60	304 36488 2015 198 633 322 5830 311 3460 459 1358 315 26864 304 44184 2015 198 1723 3460 1895 11179 8 341 220 1095 10839 9014 284 2961 10838 1209 64 11 293 8 591 264 482 293 317 220 471 10839 9014 280 633 322 5830 311 10134 459 1358 315 26864 304 36488 2015 198 1723 10134
code_comment	random	32	60	304 36488 2015 198 633 322 5830 311 3460 459 1358 315 26864 304 44184 2015 198 1723 3460 1895 11179 8 341 220 1095 10839 9014 284 2961 10838 1209 64 11 293 8 591 264 871 293 949 482 16 551 220 16 220 15 8 220 16 198 534 633 322 5830 311 3460 1358 304 36488
code_comment	random	16	60	304 36488 2015 198 633 322 5830 311 14626 1403 5540 304 459 1358 198 322 5830 311 1505 279 1963 315 279 1358 198 322 5830 311 1505 279 1963 315 279 1358 198 322 5830 311 1505 279 1963 315 279 1358 198 322 5830 311 1505 279 1963 315 279 1358 198 4815 322 5830 311 1505
code_comment	random	8	60	304 36488 2015 627 1432 32298 25 16644 459 1358 315 26864 11 3350 264 734 311 1505 279 7340 907 315 279 7340 2449 304 36488 2015 311 1505 279 734 315 279 1358 315 279 7340 2449 304 1358 315 279 1358 315 279 1358 315 279 7340 2449 315 279 7340 907 315 279 1358 13 578
code_comment	random	4	60	198 32298 25 1595 396 43298 25 578 2768 527 279 734 25 320 1686 315 26864 11 323 1243 11 323 779 279 2768 279 1396 311 1505 279 1358 315 779 430 649 387 1511 304 279 6425 13 1102 374 539 1193 422 499 1205 311 1505 279 734 315 279 734 315 279 11 719 279
code_comment	routed	128	60	304 36488 2015 198 633 322 5830 311 3460 459 1358 315 26864 304 44184 2015 198 1723 3460 1895 11179 8 341 220 1095 10839 9014 284 2961 10838 1209 64 11 293 8 591 264 482 293 317 220 471 10839 9014 280 633 322 5830 311 10134 459 1358 315 26864 304 36488 2015 198 1723 10134
code_comment	routed	64	60	304 36488 2015 198 633 322 5830 311 3460 459 1358 315 26864 304 44184 2015 198 1723 3460 1895 11179 8 341 220 1095 10839 9014 284 2961 10838 1209 64 11 293 8 591 264 482 293 317 220 471 10839 9014 280 633 322 5830 311 10134 459 1358 315 26864 304 36488 2015 198 1723 10134
code_comment	routed	32	60	304 36488 2015 198 633 322 5830 311 3460 459 1358 315 26864 304 44184 2015 198 1723 3460 1895 11179 8 341 220 1095 10839 9014 284 2961 10838 1209 64 11 293 8 591 264 482 293 317 220 471 10839 9014 280 633 322 5830 311 10134 459 1358 315 26864 304 36488 2015 198 1723 10134
code_comment	routed	16	60	304 36488 2015 198 633 322 5830 311 3460 459 1358 315 26864 304 44184 2015 198 1723 3460 1895 11179 8 341 262 471 2961 10838 1209 64 11 293 8 591 293 482 264 317 633 322 5830 311 10134 459 1358 315 26864 304 36488 2015 198 1723 10134 1895 11179 8 341 262 471 2961 33181
code_comment	routed	8	60	198 262 711 3460 3943 11179 997 286 2961 10838 746 286 471 2961 271 262 443 5830 311 1505 279 7340 2449 304 459 1358 198 262 711 1505 6479 11179 997 286 1973 6320 284 2961 58 15 933 286 369 602 304 2961 512 310 422 602 871 1973 6320 512 394 1973 6320 284 602 198
code_comment	routed	4	60	304 36488 2015 198 633 2 22854 220 16 512 755 3460 62 16 67 3943 11179 997 262 471 2961 271 262 711 3460 62 16 67 3943 11179 997 286 471 2961 271 2 22854 220 17 512 262 711 3460 62 16 67 3943 62 17 67 11179 997 286 2961 10838 746 286 471 2961 271
code_comment	oracle	128	60	304 36488 2015 198 633 322 5830 311 3460 459 1358 315 26864 304 44184 2015 198 1723 3460 1895 11179 8 341 220 1095 10839 9014 284 2961 10838 1209 64 11 293 8 591 264 482 293 317 220 471 10839 9014 280 633 322 5830 311 10134 459 1358 315 26864 304 36488 2015 198 1723 10134
code_comment	oracle	64	60	304 36488 2015 198 633 322 5830 311 3460 459 1358 315 26864 304 44184 2015 198 1723 3460 1895 11179 8 341 220 1095 10839 9014 284 2961 10838 1209 64 11 293 8 591 264 482 293 317 220 471 10839 9014 280 633 322 5830 311 10134 459 1358 315 26864 304 36488 2015 198 1723 10134
code_comment	oracle	32	60	304 36488 2015 198 633 322 5830 311 3460 459 1358 315 26864 304 44184 2015 198 1723 3460 1895 11179 8 341 220 1095 10839 9014 284 2961 10838 1209 64 11 293 8 591 264 871 293 949 220 16 551 220 15 317 220 471 10839 9014 280 633 322 5830 311 1505 279 7340 2449 304
code_comment	oracle	16	60	304 36488 2015 198 633 322 5830 311 3460 459 1358 315 26864 304 44184 2015 198 1723 3460 1895 11179 8 341 262 1095 10839 9014 284 2961 10838 1209 64 11 293 8 591 293 10838 2948 11 293 317 262 471 10839 9014 280 633 322 5830 311 3460 459 1358 315 26864 304 36488 2015 315
code_comment	oracle	8	60	198 262 586 1118 742 3460 1577 1318 1358 8 341 286 23824 10838 6238 317 262 557 262 443 5830 311 1505 279 7340 2449 304 459 1358 315 26864 198 262 443 5830 311 1505 279 7340 2449 304 279 7340 2449 311 1505 279 7340 907 315 279 7340 907 315 279 1396 315 220 16 25
code_comment	oracle	4	60	198 755 3460 3943 11179 997 262 471 2961 10838 2892 2 5830 311 10134 3460 459 1358 315 26864 198 755 10134 3943 11179 997 262 471 2961 10838 48235 340 262 471 2961 33181 2892 2 5830 311 3460 459 5864 311 3460 459 3187 198 262 471 3460 198 262 674 5830 311 3460 459 5864 198
translate_french	dense	128	30	320 41540 278 8 6075 25 12535 39043 11412 30 320 41540 278 8 6075 25 12535 39043 11412 30 320 630 278 8 6075 25 12535 39043 11412 30
translate_french	random	128	30	320 41540 278 8 6075 25 12535 39043 11412 30 320 41540 278 8 6075 25 12535 39043 11412 30 320 630 278 8 6075 25 12535 39043 11412 30
translate_french	random	64	30	320 41540 278 8 6075 25 12535 39043 11412 30 320 41540 278 8 6075 25 12535 39043 11412 30 320 630 278 8 6075 25 12535 39043 11412 30
translate_french	random	32	30	320 41540 278 8 6075 25 12535 39043 11412 30 320 41540 278 8 6075 25 12535 39043 11412 30 320 630 278 8 6075 25 12535 39043 11412 30
translate_french	random	16	30	320 41540 278 8 6075 25 12535 39043 11412 30 320 41540 278 8 6075 25 320 41540 278 8 320 630 278 8 320 630 278 8 320 630
translate_french	random	8	30	358 1097 7060 11 9901 499 527 499 30 2650 527 499 30 22691 11 358 1097 7060 11 358 1097 1695 11 358 1097 7060 11 358 1097 358
translate_french	random	4	30	3639 374 279 1917 30 2650 527 499 30 3639 30 2650 656 499 1440 30 2650 656 499 656 499 1440 30 3639 374 279 1148 374 279 1917
translate_french	routed	128	30	320 41540 278 8 6075 25 12535 39043 11412 30 320 41540 278 8 6075 25 12535 39043 11412 30 320 630 278 8 6075 25 12535 39043 11412 30
translate_french	routed	64	30	320 41540 278 8 6075 25 12535 39043 11412 30 320 41540 278 8 6075 25 12535 39043 11412 30 320 630 278 8 6075 25 12535 39043 11412 30
translate_french	routed	32	30	320 41540 278 8 6075 25 12535 39043 11412 30 320 41540 278 8 6075 25 12535 39043 11412 30 320 630 278 8 6075 25 12535 39043 11412 30
translate_french	routed	16	30	320 41540 278 8 6075 25 12535 39043 11412 30 320 630 278 8 6075 25 12535 39043 11412 30 320 630 278 8 6075 25 12535 39043 11412 30
translate_french	routed	8	30	320 41540 278 340 286 482 31701 278 198 286 482 22691 11 1268 527 499 30 320 630 278 340 286 482 21694 11 1268 527 499 30 320
translate_french	routed	4	30	358 3987 499 2351 3815 1664 13 358 2846 14931 11 358 3287 956 3619 13 286 271 32 8 220 16 1486 198 33 8 220 16 1486 198
translate_french	oracle	128	30	320 41540 278 8 6075 25 12535 39043 11412 30 320 41540 278 8 6075 25 12535 39043 11412 30 320 630 278 8 6075 25 12535 39043 11412 30
translate_french	oracle	64	30	320 41540 278 8 6075 25 12535 39043 11412 30 320 41540 278 8 6075 25 12535 39043 11412 30 320 630 278 8 6075 25 12535 39043 11412 30
translate_french	oracle	32	30	320 41540 278 8 6075 25 12535 39043 11412 30 320 41540 278 8 6075 25 12535 39043 11412 30 320 630 278 8 6075 25 12535 39043 11412 30
translate_french	oracle	16	30	320 41540 278 8 6075 25 12535 39043 11412 30 320 41540 278 8 6075 25 64105 64 1744 39043 11412 30 320 41540 278 8 6075 25 64105 64
translate_french	oracle	8	30	320 44297 8 220 16 13 1102 596 264 4382 3488 11 719 433 596 264 1695 311 1440 1268 311 15025 311 8753 25 22691 11 1268 527 499
translate_french	oracle	4	30	358 1097 7060 11 9901 499 13 3053 499 1520 757 449 420 30 358 1097 7060 11 9901 499 30 358 1097 7060 11 499 30 358 574 30
dialog_continue	dense	128	30	3815 1664 11 9901 499 13 2650 922 499 5380 32 25 358 1097 3815 1664 2288 13 358 617 1027 7422 922 279 3293 4442 304 279 1917 13
dialog_continue	random	128	30	3815 1664 11 9901 499 13 2650 922 499 5380 32 25 358 1097 3815 1664 2288 13 358 617 1027 7422 922 279 3293 4442 304 279 1917 13
dialog_continue	random	64	30	3815 1664 11 9901 499 13 2650 922 499 5380 32 25 358 1097 3815 1664 2288 13 358 617 1027 7422 922 279 3293 4442 304 279 1917 13
dialog_continue	random	32	30	3815 1664 11 9901 499 13 2650 922 499 5380 32 25 358 1097 3815 1664 2288 13 358 617 1027 7422 922 279 3293 4442 304 279 3363 13
dialog_continue	random	16	30	3815 1664 11 9901 499 13 2650 922 499 5380 32 25 358 1097 3815 1664 11 9901 499 627 32 25 358 1097 3815 1664 11 9901 499 13
dialog_continue	random	8	30	3815 1664 11 9901 499 198 262 2650 922 279 9282 499 198 32 25 358 1097 3815 1664 11 264 2763 315 279 9282 287 1664 11 358 1097
dialog_continue	random	4	30	264 2697 2766 810 1109 358 1097 358 1097 358 1097 264 293 264 2697 358 1097 264 2763 315 264 293 3633 11 1097 264 2763 315 527 499
dialog_continue	routed	128	30	3815 1664 11 9901 499 13 2650 922 499 5380 32 25 358 1097 3815 1664 2288 13 358 617 1027 7422 922 279 3293 4442 304 279 1917 13
dialog_continue	routed	64	30	3815 1664 11 9901 499 13 2650 922 499 5380 32 25 358 1097 3815 1664 2288 13 358 617 1027 7422 922 279 3293 4442 304 279 1917 13
dialog_continue	routed	32	30	3815 1664 11 9901 499 13 2650 922 499 5380 32 25 358 1097 3815 1664 2288 13 358 617 1027 7422 922 279 3293 4442 304 279 1917 13
dialog_continue	routed	16	30	3815 1664 11 9901 499 13 2650 922 499 5380 32 25 358 1097 3815 1664 2288 13 358 617 1027 7422 922 279 12939 315 279 3560 315 279
dialog_continue	routed	8	30	3815 1664 11 9901 499 13 2650 922 499 5380 32 25 358 1097 3815 1664 2288 13 358 617 1027 7422 922 279 2204 4595 315 828 323 1268
dialog_continue	routed	4	30	3815 1664 11 9901 499 13 1084 32 25 3011 596 2294 311 6865 13 3296 279 1648 315 2574 11 358 3152 627 33 25 358 2846 3815 1664
dialog_continue	oracle	128	30	3815 1664 11 9901 499 13 2650 922 499 5380 32 25 358 1097 3815 1664 2288 13 358 617 1027 7422 922 279 3293 4442 304 279 1917 13
dialog_continue	oracle	64	30	3815 1664 11 9901 499 13 2650 922 499 5380 32 25 358 1097 3815 1664 2288 13 358 617 1027 7422 922 279 3293 4442 304 279 1917 13
dialog_continue	oracle	32	30	3815 1664 11 9901 499 13 2650 922 499 5380 32 25 358 1097 3815 1664 2288 13 358 617 1027 7422 922 279 12939 315 279 3560 315 279
dialog_continue	oracle	16	30	3815 1664 11 9901 499 13 2650 922 499 5380 32 25 358 1097 3815 1664 2288 13 358 1097 1120 22999 922 701 990 13 3639 656 499 656
dialog_continue	oracle	8	30	3815 1664 11 9901 499 13 2650 922 499 5380 32 25 358 1097 3815 1664 2288 13 358 1097 358 3815 1664 2288 13 2650 527 499 3815 3432
dialog_continue	oracle	4	30	3815 1664 11 9901 499 369 10371 13 358 1097 3815 1664 2288 13 2650 922 499 1980 32 13 362 25 2650 527 499 3815 1664 13 9930 499
B: I am	dense	128		
B: I am	random	128		
B: I am	random	64		
B: I am	random	32		
B: I am	random	16		
B: I am	random	8		
B: I am	random	4		
B: I am	routed	128		
B: I am	routed	64		
B: I am	routed	32		
B: I am	routed	16		
B: I am	routed	8		
B: I am	routed	4		
B: I am	oracle	128		
B: I am	oracle	64		
B: I am	oracle	32		
B: I am	oracle	16		
B: I am	oracle	8		
B: I am	oracle	4		
json_format	dense	128	30	5324 609 794 330 62786 498 330 425 794 220 966 92 9442 25 5324 609 794 330 62786 498 330 425 794 220 966 92 9442 25 5324 609
json_format	random	128	30	5324 609 794 330 62786 498 330 425 794 220 966 92 9442 25 5324 609 794 330 62786 498 330 425 794 220 966 92 9442 25 5324 609
json_format	random	64	30	5324 609 794 330 62786 498 330 425 794 220 966 92 9442 25 5324 609 794 330 62786 498 330 425 794 220 966 92 9442 25 5324 609
json_format	random	32	30	5324 609 794 330 62786 498 330 425 794 220 966 92 9442 25 5324 609 794 330 62786 498 330 425 794 220 966 92 9442 25 5324 609
json_format	random	16	30	5324 609 794 330 62786 498 330 425 794 220 966 92 220 674 2285 220 18 13 18 198 74694 12958 198 74694 1432 74694 12958 198 74694 12958
json_format	random	8	30	314 330 609 25 330 609 498 4325 220 966 11 4325 25 220 966 11 4325 25 220 18 13 220 966 220 966 11 220 19 220 15
json_format	random	4	30	220 18 198 62786 198 374 220 18 220 19 198 14196 198 827 220 18 198 791 198 827 220 19 198 14196 19884 2028 374 279 1396 315
json_format	routed	128	30	5324 609 794 330 62786 498 330 425 794 220 966 92 9442 25 5324 609 794 330 62786 498 330 425 794 220 966 92 9442 25 5324 609
json_format	routed	64	30	5324 609 794 330 62786 498 330 425 794 220 966 92 9442 25 5324 609 794 330 62786 498 330 425 794 220 966 92 9442 25 5324 609
json_format	routed	32	30	5324 609 794 330 62786 498 330 425 794 220 966 92 9442 25 5324 609 794 330 62786 498 330 425 794 220 966 92 9442 25 5324 609
json_format	routed	16	30	5324 609 794 330 62786 498 330 425 794 220 966 92 382 17 13 7316 279 2768 4823 311 4823 43 25 5324 609 794 330 13379 498 330
json_format	routed	8	30	5324 609 794 330 62786 498 330 425 794 220 966 92 382 17 13 7316 279 2768 4823 311 4823 512 74694 2285 198 517 220 330 609 794
json_format	routed	4	30	314 330 609 794 330 62786 498 330 425 794 220 966 335 627 14196 4077 791 4320 374 25 720 74694 2285 198 517 220 330 609 794 330
json_format	oracle	128	30	5324 609 794 330 62786 498 330 425 794 220 966 92 9442 25 5324 609 794 330 62786 498 330 425 794 220 966 92 9442 25 5324 609
json_format	oracle	64	30	5324 609 794 330 62786 498 330 425 794 220 966 92 9442 25 5324 609 794 330 62786 498 330 425 794 220 966 92 9442 25 5324 609
json_format	oracle	32	30	5324 609 794 330 62786 498 330 425 794 220 966 92 9442 25 5324 609 794 330 62786 498 330 425 794 220 966 92 9442 25 5324 609
json_format	oracle	16	30	5324 609 794 330 62786 498 330 425 794 220 966 92 9442 25 5324 609 794 330 62786 498 330 425 794 220 966 92 9442 25 5324 609
json_format	oracle	8	30	5324 609 794 330 62786 498 330 425 794 220 966 92 382 17 13 30505 374 220 966 1667 2362 13 7316 311 4823 25 5324 609 794 330
json_format	oracle	4	30	5324 609 794 330 62786 498 330 425 794 220 966 92 30505 323 5324 425 794 220 966 92 382 19 13 578 4325 374 220 966 11 30505
long_history	dense	128	30	6603 1051 22523 555 1450 11 902 574 264 1633 6435 1920 13 578 28229 315 279 18991 3577 574 264 3682 13353 1486 304 279 3925 315 279 18991
long_history	random	128	30	6603 1051 22523 555 1450 11 902 574 264 1633 6435 1920 13 578 28229 315 279 18991 3577 574 264 3682 13353 1486 304 279 3925 315 279 18991
long_history	random	64	30	6603 1051 22523 555 1450 11 902 574 264 1633 6435 1920 13 578 28229 315 279 18991 3577 574 264 3682 13353 1486 304 279 3925 315 279 18991
long_history	random	32	30	6603 1051 5439 555 1450 11 323 433 574 264 1633 6435 1920 13 2355 791 18991 3577 574 264 6435 323 892 70840 1920 13 52686 596 3351 481
long_history	random	16	30	279 18991 3577 11 279 9041 315 279 18991 5557 11 279 9041 315 279 9041 315 279 9041 315 279 6677 315 279 18991 315 279 18991 11 279
long_history	random	8	30	902 374 279 18991 430 374 279 9041 315 279 18991 11 279 3925 315 279 18991 315 279 3925 315 279 315 279 28229 315 279 18991 279 3925
long_history	random	4	30	279 279 1917 596 279 13 578 1176 279 1176 13 96860 279 279 198 791 1060 220 508 339 9478 279 304 279 1060 220 868 339 9478 11
long_history	routed	128	30	6603 1051 22523 555 1450 11 902 574 264 1633 6435 1920 13 578 28229 315 279 18991 3577 574 264 3682 13353 1486 304 279 3925 315 279 18991
long_history	routed	64	30	6603 1051 22523 555 1450 11 902 574 264 1633 6435 1920 13 578 28229 315 279 18991 3577 574 264 3682 13353 1486 304 279 3925 315 279 18991
long_history	routed	32	30	6603 1051 22523 555 1450 11 902 574 264 1633 6435 1920 13 52686 753 28229 315 279 18991 3577 574 264 1847 62439 13 1102 5535 369 6603 311
long_history	routed	16	30	6603 1051 22523 555 1450 11 902 574 264 1633 6435 1920 13 578 28229 315 279 18991 3577 5535 369 6603 311 387 17124 6288 323 304 3544 33776
long_history	routed	8	30	6603 1051 9024 323 11646 11 323 1193 264 3373 2478 1436 10150 1124 13 3161 279 18991 3577 11 6603 6244 810 13882 2561 323 810 17049 13 1115
long_history	routed	4	30	6603 1051 5439 555 1450 11 902 1903 1124 1633 11646 323 9024 13 578 18991 3577 574 264 1847 62439 369 279 9041 315 6677 323 279 1050 1659
long_history	oracle	128	30	6603 1051 22523 555 1450 11 902 574 264 1633 6435 1920 13 578 28229 315 279 18991 3577 574 264 3682 13353 1486 304 279 3925 315 279 18991
long_history	oracle	64	30	6603 1051 22523 555 1450 11 902 574 264 1633 6435 1920 13 578 28229 315 279 18991 3577 574 264 3682 13353 1486 304 279 3925 315 279 18991
long_history	oracle	32	30	6603 1051 5439 555 1450 11 902 574 264 1633 892 70840 323 11646 13 578 28229 315 279 18991 3577 11 902 5535 369 279 3148 5788 315 6603
long_history	oracle	16	30	6603 1051 9193 11646 323 892 70840 311 8356 13 578 28229 315 279 18991 3577 13 578 18991 323 279 18991 315 279 83679 955 315 279 18991 323
long_history	oracle	8	30	279 18991 323 279 9041 315 279 9041 315 279 18991 3577 13 578 18991 323 279 9041 315 279 9041 315 279 18991 323 279 220 868 339 315
long_history	oracle	4	30	279 18991 323 279 5536 389 323 279 4500 315 9478 13 578 55383 323 279 11 279 323 279 18991 323 279 323 279 11 279 323 279 323
long_recipe	dense	128	30	63471 323 20415 279 19692 7363 13 9479 11 6651 279 9235 14293 13 2758 279 14739 14293 13 27058 279 8919 1139 279 24276 13 53174 369 220 966
long_recipe	random	128	30	63471 323 20415 279 19692 7363 13 9479 11 6651 279 9235 14293 13 2758 279 14739 14293 13 27058 279 8919 1139 279 24276 13 53174 369 220 966
long_recipe	random	64	30	63471 323 20415 279 19692 7363 13 9479 11 6651 279 9235 14293 13 2758 279 14739 14293 13 27058 279 8919 1139 279 24276 13 53174 369 220 966
long_recipe	random	32	30	63471 264 220 24 25224 19692 7363 449 14432 13 763 264 220 17 26446 315 13465 11 220 17 19335 11 220 16 10747 315 36581 5707 11 220
long_recipe	random	16	30	304 264 19763 11 12932 315 279 14293 11 304 264 220 17 26446 315 20415 11 220 16 10747 315 13465 11 220 16 14 17 26446 315 50459
long_recipe	random	8	30	323 279 14293 11 323 11 323 13 578 4320 374 279 4320 279 1396 315 279 14293 11 323 279 14293 13 1472 649 387 1511 304 264 323
long_recipe	random	4	30	13465 11 11 13465 11 1243 499 1205 264 2678 11 719 279 13465 11 719 5098 19335 11 323 13465 11 323 279 1396 315 279 1396 315 279
long_recipe	routed	128	30	63471 323 20415 279 19692 7363 13 9479 11 6651 279 9235 14293 13 2758 279 14739 14293 13 27058 279 8919 1139 279 24276 13 53174 369 220 966
long_recipe	routed	64	30	63471 323 20415 279 19692 7363 13 9479 11 6651 279 9235 14293 13 2758 279 14739 14293 13 27058 279 8919 1139 279 24276 13 53174 369 220 966
long_recipe	routed	32	30	6651 279 9235 14293 3871 304 264 19763 13 2758 279 14739 14293 323 6651 1664 13 27058 279 8919 1139 264 2886 1503 19692 7363 13 53174 369 220
long_recipe	routed	16	30	6651 279 9235 14293 3871 13 763 264 8821 19763 11 9567 279 19335 323 923 1124 311 279 9235 14293 13 9479 11 923 279 14403 11 62888 17138
long_recipe	routed	8	30	6651 279 9235 14293 304 264 3544 19763 13 1472 649 1005 264 1450 38878 477 264 2559 38878 13 9479 11 923 279 14739 14293 311 279 19763 449
long_recipe	routed	4	30	6651 279 14293 3871 13 9479 11 5019 279 8919 1139 264 2886 1503 19692 7363 13 4740 430 11 23360 279 19692 369 220 966 4520 13 17830 11
long_recipe	oracle	128	30	63471 323 20415 279 19692 7363 13 9479 11 6651 279 9235 14293 13 2758 279 14739 14293 13 27058 279 8919 1139 279 24276 13 53174 369 220 966
long_recipe	oracle	64	30	63471 323 20415 279 19692 7363 13 9479 11 6651 279 9235 14293 13 2758 279 14739 14293 13 27058 279 8919 1139 279 24276 13 53174 369 220 966
long_recipe	oracle	32	30	63471 264 19692 7363 13 763 264 27890 19763 11 12932 3871 279 14432 11 13465 11 19335 11 323 33165 8819 13 19771 279 9235 14293 13 2758 279
long_recipe	oracle	16	30	6651 279 14293 11 323 62888 323 33165 8819 13 9479 11 864 20559 279 24276 11 323 41759 279 19335 11 323 41759 279 19335 11 323 41759 279
long_recipe	oracle	8	30	499 649 1005 279 13 5629 11 499 1205 311 1005 279 13 5629 11 499 1205 311 1005 279 13 5629 11 499 1205 1005 279 1176 323 499
long_recipe	oracle	4	30	499 649 387 279 11 499 323 11 323 11 279 1023 323 279 82 323 279 11 323 11 323 28915 323 11 279 323 11 323 279 323
long_summary	dense	128	30	279 5054 56399 13 578 13041 21080 574 264 13057 323 6485 8396 11 323 279 13041 21080 574 264 6485 8396 11 323 279 13041 21080 574 264 6485
long_summary	random	128	30	279 5054 56399 13 578 13041 21080 574 264 13057 323 6485 8396 11 323 279 13041 21080 574 264 6485 8396 11 323 279 13041 21080 574 264 6485
long_summary	random	64	30	279 5054 56399 13 578 13041 21080 574 264 13057 323 6485 8396 11 323 279 13041 21080 574 264 6485 8396 11 323 279 13041 21080 574 264 6485
long_summary	random	32	30	279 5054 56399 323 279 7100 323 3674 4819 430 6197 311 279 18174 315 279 13041 21080 13 578 13041 21080 13 578 13041 21080 574 264 6485 323
long_summary	random	16	30	279 2380 9547 430 6197 311 279 18174 315 279 4498 315 279 13041 21080 13 578 13041 21080 13 1102 374 279 279 18174 315 279 315 279 4498
long_summary	random	8	30	279 7100 56399 11 323 5054 323 279 279 8752 315 279 18174 315 279 578 1455 5199 5536 315 279 18174 315 279 7100 1887 315 279 7100 20334
long_summary	random	4	30	539 1193 13 4800 11 323 539 11 279 12939 315 279 1917 11 279 6156 11 220 18 11 323 279 11 323 279 11 279 6650 323 220
long_summary	routed	128	30	279 5054 56399 13 578 13041 21080 574 264 13057 323 6485 8396 11 323 279 13041 21080 574 264 6485 8396 11 323 279 13041 21080 574 264 6485
long_summary	routed	64	30	279 5054 56399 13 578 13041 21080 574 264 13057 323 6485 8396 11 323 279 13041 21080 574 264 6485 8396 11 323 279 13041 21080 574 264 6485
long_summary	routed	32	30	279 5054 56399 13 578 13041 21080 574 264 6485 8396 449 264 6485 1887 315 3109 323 264 6485 1887 315 7016 13 578 13041 21080 574 264 6485
long_summary	routed	16	30	279 5054 56399 13 578 13041 21080 574 264 13057 323 6485 8396 11 323 279 5370 48752 2949 279 32447 1051 2744 304 12324 449 1855 1023 13 578
long_summary	routed	8	30	279 7100 35665 13 578 13041 21080 574 264 13057 323 6485 8396 11 323 1202 8752 574 279 56527 315 279 32447 13 578 32447 596 8752 574 3196
long_summary	routed	4	30	279 5054 56399 13 578 13041 21080 574 264 13057 323 6485 8396 11 323 433 574 5107 311 10519 264 15528 3109 13 578 7100 35665 1051 264 1121
long_summary	oracle	128	30	279 5054 56399 13 578 13041 21080 574 264 13057 323 6485 8396 11 323 279 13041 21080 574 264 6485 8396 11 323 279 13041 21080 574 264 6485
long_summary	oracle	64	30	279 5054 56399 13 578 13041 21080 574 264 13057 323 6485 8396 11 323 279 13041 21080 574 264 6485 8396 11 323 279 13041 21080 574 264 6485
long_summary	oracle	32	30	279 5054 56399 13 578 13041 21080 574 264 13057 323 6485 8396 11 323 279 13096 315 279 21080 1139 9333 5415 11 279 13041 21080 574 264 13057
long_summary	oracle	16	30	279 7100 35665 13 578 16790 1122 21080 11 323 279 7100 35665 11 323 279 18174 304 279 7100 35665 11 323 279 18174 304 279 7100 35665 11
long_summary	oracle	8	30	264 2944 369 279 18174 304 279 18174 304 279 220 17 13 220 16 13 220 17 13 1115 374 264 295 13 220 17 13 1115 374 279
long_summary	oracle	4	30	11 323 279 1403 323 279 18174 304 279 220 16 323 279 18174 315 279 13041 323 279 1403 323 7100 323 279 18174 315 323 279 13041 323
edge_single	dense	128	60	11 358 1097 264 502 1217 1618 323 358 1097 4560 311 3619 279 7434 315 279 2204 4595 315 23719 13 358 617 1373 430 1070 527 2380 4595 315 23719 11 719 358 1097 539 2771 902 832 374 4495 13 16910 499 4587 1520 757 3619 279 2380 4595 315 23719 323 902 832 374 4495 30
edge_single	random	128	60	11 358 1097 264 502 1217 1618 323 358 1097 4560 311 3619 279 7434 315 279 2204 4595 315 23719 13 358 617 1373 430 1070 527 2380 4595 315 23719 11 719 358 1097 539 2771 902 832 374 4495 13 16910 499 4587 1520 757 3619 279 2380 4595 315 23719 323 902 832 374 4495 30
edge_single	random	64	60	11 358 1097 264 502 1217 1618 323 358 1097 4560 311 3619 279 7434 315 279 2204 4595 315 23719 13 358 617 1373 430 1070 527 2380 4595 315 23719 11 719 358 1097 539 2771 902 832 374 4495 13 16910 499 4587 1520 757 3619 279 2380 4595 315 23719 323 902 832 374 4495 30
edge_single	random	32	60	11 358 1097 264 502 1217 1618 323 358 1097 4560 311 3619 279 7434 315 279 2204 4595 315 23719 13 358 617 1373 430 1070 527 2380 4595 315 23719 11 719 358 1097 539 2771 902 832 374 4495 13 358 617 1373 430 1070 527 2380 4595 315 23719 11 719 358 1097 539 2771 902
edge_single	random	16	60	11 358 1097 264 502 1217 1618 323 358 1097 4560 311 3619 279 7434 315 264 330 67 940 1 304 279 2317 315 264 330 67 940 1 323 330 67 940 1 323 330 67 940 1 323 330 940 1 323 330 940 1 323 330 67 940 1 323 330 940 1 323 330 940
edge_single	random	8	60	11 358 1097 264 502 1217 1618 13 358 1097 8173 304 6975 810 922 279 1917 315 279 7757 323 279 2204 13878 315 279 2204 4595 315 279 2204 4595 315 279 2204 4595 315 279 2204 13878 315 279 7757 323 279 2204 4595 315 279 2204 4595 315 279 2204 4595 315 279 2204 315 279
edge_single	random	4	60	11 358 1097 264 502 311 279 1917 315 264 502 2574 13 1472 527 279 315 279 264 311 264 1917 13 358 1097 279 1917 315 279 264 264 502 1917 264 264 264 264 1917 315 279 1917 13 1102 596 1917 315 279 1917 264 304 279 1917 315 279 1917 13 1115 374 264 502
edge_single	routed	128	60	11 358 1097 264 502 1217 1618 323 358 1097 4560 311 3619 279 7434 315 279 2204 4595 315 23719 13 358 617 1373 430 1070 527 2380 4595 315 23719 11 719 358 1097 539 2771 902 832 374 4495 13 16910 499 4587 1520 757 3619 279 2380 4595 315 23719 323 902 832 374 4495 30
edge_single	routed	64	60	11 358 1097 264 502 1217 1618 323 358 1097 4560 311 3619 279 7434 315 279 2204 4595 315 23719 13 358 617 1373 430 1070 527 2380 4595 315 23719 11 719 358 1097 539 2771 902 832 374 4495 13 16910 499 4587 1520 757 3619 279 2380 4595 315 23719 323 902 832 374 4495 30
edge_single	routed	32	60	11 358 1097 264 502 1217 1618 323 358 1097 4560 311 3619 279 7434 315 279 2204 4595 315 23719 13 358 617 1373 430 1070 527 2380 4595 315 23719 11 719 358 1097 539 2771 902 832 374 902 374 902 13 3053 499 4587 10552 279 2380 4595 315 23719 323 3493 10507 369 1855 30
edge_single	routed	16	60	11 358 1097 264 502 1217 1618 323 358 1097 4560 311 3619 279 7434 315 264 330 67 940 1 304 279 2317 315 264 734 13 358 617 1373 430 264 734 374 1071 311 387 330 67 940 1 422 433 706 264 19091 734 11 323 279 19091 734 374 279 4113 734 13 4452 11
edge_single	routed	8	60	11 358 1097 264 502 1217 1618 323 358 1097 4560 311 3619 279 7434 315 330 67 940 5219 1 304 279 2317 315 279 1396 1584 13 358 617 264 3488 922 279 7434 315 330 67 940 5219 1 323 358 3987 499 649 1520 757 3619 433 2731 382 3923 527 19091 5219 30 358 617
edge_single	routed	4	60	11 358 1097 264 5575 315 6500 8198 323 358 1097 5131 3318 389 264 2447 430 18065 264 2763 315 828 34786 323 6492 13 358 617 264 10550 315 220 1041 15 7123 323 220 605 8310 13 358 617 1027 4560 311 4305 264 5597 5021 12384 369 420 10550 13 358 617 264 2478 4860 1473
edge_single	oracle	128	60	11 358 1097 264 502 1217 1618 323 358 1097 4560 311 3619 279 7434 315 279 2204 4595 315 23719 13 358 617 1373 430 1070 527 2380 4595 315 23719 11 719 358 1097 539 2771 902 832 374 4495 13 16910 499 4587 1520 757 3619 279 2380 4595 315 23719 323 902 832 374 4495 30
edge_single	oracle	64	60	11 358 1097 264 502 1217 1618 323 358 1097 4560 311 3619 279 7434 315 279 2204 4595 315 23719 13 358 617 1373 430 1070 527 2380 4595 315 23719 11 719 358 1097 539 2771 902 832 374 4495 13 16910 499 4587 1520 757 3619 279 2380 4595 315 23719 323 902 832 374 4495 30
edge_single	oracle	32	60	11 358 1097 264 502 1217 1618 323 358 1097 4560 311 3619 279 7434 315 279 2204 4595 315 23719 13 358 617 1373 430 1070 527 2380 4595 315 23719 11 719 358 1097 22568 13 3053 499 4587 10552 279 2204 4595 315 23719 323 1268 311 10765 1124 30 9930 499 1633 1790 627 72803 25
edge_single	oracle	16	60	11 358 1097 264 502 1217 1618 323 358 1097 4560 311 3619 279 7434 315 264 330 82 35467 1 323 330 11099 35467 1 304 279 2317 315 264 11742 13010 13 358 1097 4560 311 3619 279 6811 1990 1521 1403 3878 13 358 617 1373 1555 1063 3769 323 358 617 1373 430 279 6811 1990
edge_single	oracle	8	60	11 358 1097 264 502 1217 1618 323 358 1097 4560 311 3619 279 2204 4595 315 23719 13 358 617 1027 5403 922 279 2204 4595 315 23719 323 358 1097 4560 311 3619 279 2204 4595 315 279 23719 13 358 1097 4560 311 617 1027 304 264 11914 13 358 2846 4560 311 3619 279 2204 4595
edge_single	oracle	4	60	11 358 1097 264 502 1217 1618 323 358 1097 4560 311 3619 1268 311 1005 279 2816 323 1268 311 1005 279 2816 323 1268 311 1005 279 2816 323 1268 311 1005 2816 323 358 2846 4560 311 3619 1268 311 1005 2816 13 358 2846 4560 311 279 2816 13 358 2846 4560 311 279 2816 13
edge_repetitive	dense	128	60	10035 10035 10035 10035 10035 10035 10035 10035 10035 10035 10035 10035 10035 10035 10035 10035 10035 10035 10035 10035 10035 10035 10035 10035 10035 10035 10035 10035 10035 10035 10035 10035 10035 10035 10035 10035 10035 10035 10035 10035 10035 10035 10035 10035 10035 10035 10035 10035 10035 10035 10035 10035 10035 10035 10035 10035 10035 10035 10035 10035
edge_repetitive	random	128	60	10035 10035 10035 10035 10035 10035 10035 10035 10035 10035 10035 10035 10035 10035 10035 10035 10035 10035 10035 10035 10035 10035 10035 10035 10035 10035 10035 10035 10035 10035 10035 10035 10035 10035 10035 10035 10035 10035 10035 10035 10035 10035 10035 10035 10035 10035 10035 10035 10035 10035 10035 10035 10035 10035 10035 10035 10035 10035 10035 10035
edge_repetitive	random	64	60	10035 10035 10035 10035 10035 10035 10035 10035 10035 10035 10035 10035 10035 10035 10035 10035 10035 10035 10035 10035 10035 10035 10035 10035 10035 10035 10035 10035 10035 10035 10035 10035 10035 10035 10035 10035 10035 10035 10035 10035 10035 10035 10035 10035 10035 10035 10035 10035 10035 10035 10035 10035 10035 10035 11 358 2846 14931 11 358
edge_repetitive	random	32	60	10035 10035 10035 10035 10035 10035 10035 10035 10035 10035 10035 10035 10035 10035 10035 10035 10035 10035 10035 10035 10035 10035 10035 10035 10035 11 358 2846 539 2771 11 358 2846 539 2771 11 358 1541 956 1440 11 358 1541 956 1440 11 358 2846 539 2771 11 358 2846 539 2771 11 358 2846 539 2771
edge_repetitive	random	16	60	10035 10035 10035 10035 10035 9891 9891 9891 9891 9891 9891 9891 9891 9891 9891 9891 9891 9891 9891 9891 9891 9891 9891 9891 9891 9891 9891 9891 9891 9891 9891 9891 9891 9891 9891 9891 9891 9891 9891 9891 9891 9891 9891 9891 9891 9891 9891 9891 9891 9891 9891 9891 9891 9891 9891 9891 9891 9891 9891 9891
edge_repetitive	random	8	60	10035 11 358 1781 922 279 1890 11 358 1781 358 1781 922 433 596 264 11 358 1781 922 433 596 11 1781 922 11 358 1781 433 11 358 1781 433 596 922 11 358 1781 358 1781 922 11 358 1781 433 596 11 358 11 358 1781 433 596 11 358 1781 433 11 358 2846
edge_repetitive	random	4	60	10035 11 10035 10035 11 323 279 1890 6811 1990 1124 10035 10035 912 912 912 912 11 912 912 11 539 912 11 912 11 912 11 912 11 912 11 912 11 912 11 912 11 912 11 912 11 912 11 13 1115 374 11 912 11 912 11 912 912 11 912 11 912 11 912
edge_repetitive	routed	128	60	10035 10035 10035 10035 10035 10035 10035 10035 10035 10035 10035 10035 10035 10035 10035 10035 10035 10035 10035 10035 10035 10035 10035 10035 10035 10035 10035 10035 10035 10035 10035 10035 10035 10035 10035 10035 10035 10035 10035 10035 10035 10035 10035 10035 10035 10035 10035 10035 10035 10035 10035 10035 10035 10035 10035 10035 10035 10035 10035 10035
edge_repetitive	routed	64	60	10035 10035 10035 10035 10035 10035 10035 10035 10035 10035 10035 10035 10035 10035 10035 10035 10035 10035 10035 10035 10035 10035 10035 10035 10035 10035 10035 10035 10035 10035 10035 10035 10035 10035 10035 10035 10035 10035 10035 10035 10035 10035 10035 10035 10035 10035 10035 10035 10035 10035 10035 10035 10035 10035 10035 10035 10035 10035 10035 10035
edge_repetitive	routed	32	60	10035 10035 10035 10035 10035 10035 10035 10035 10035 10035 10035 10035 10035 10035 10035 10035 10035 10035 10035 10035 10035 10035 10035 10035 10035 10035 10035 10035 10035 10035 10035 10035 10035 10035 10035 10035 10035 10035 10035 10035 10035 10035 10035 10035 10035 10035 10035 10035 10035 10035 10035 10035 10035 10035 10035 10035 10035 10035 10035 10035
edge_repetitive	routed	16	60	10035 10035 10035 10035 10035 10035 10035 10035 10035 10035 10035 10035 10035 10035 10035 10035 10035 10035 10035 10035 10035 10035 10035 10035 10035 10035 10035 10035 10035 10035 10035 10035 10035 10035 10035 10035 10035 10035 10035 10035 10035 10035 10035 10035 10035 10035 10035 10035 10035 10035 10035 10035 10035 10035 10035 10035 10035 10035 10035 10035
edge_repetitive	routed	8	60	10035 10035 10035 10035 10035 10035 10035 10035 10035 10035 10035 10035 10035 10035 10035 10035 10035 10035 10035 10035 10035 10035 10035 10035 10035 10035 10035 10035 10035 10035 10035 10035 10035 10035 10035 10035 10035 10035 10035 10035 10035 10035 10035 10035 10035 10035 10035 10035 10035 10035 10035 10035 10035 10035 10035 10035 10035 10035 10035 10035
edge_repetitive	routed	4	60	10035 10035 198 14196 19884 644 420 3187 11 279 1595 9891 63 16570 374 1511 311 4097 279 3044 430 279 1217 6944 311 1817 13 1442 279 3044 374 837 11 279 907 315 1595 88 63 374 17124 311 279 2393 13 578 1595 269 63 16570 374 1511 311 1817 422 279 907 315 1595 88
edge_repetitive	oracle	128	60	10035 10035 10035 10035 10035 10035 10035 10035 10035 10035 10035 10035 10035 10035 10035 10035 10035 10035 10035 10035 10035 10035 10035 10035 10035 10035 10035 10035 10035 10035 10035 10035 10035 10035 10035 10035 10035 10035 10035 10035 10035 10035 10035 10035 10035 10035 10035 10035 10035 10035 10035 10035 10035 10035 10035 10035 10035 10035 10035 10035
edge_repetitive	oracle	64	60	10035 10035 10035 10035 10035 10035 10035 10035 10035 10035 10035 10035 10035 10035 10035 10035 10035 10035 10035 10035 10035 10035 10035 10035 10035 10035 10035 10035 10035 10035 10035 10035 10035 10035 10035 10035 10035 10035 10035 10035 10035 10035 10035 10035 10035 10035 10035 10035 10035 10035 11 358 2846 539 2771 11 358 2846 539 2771
edge_repetitive	oracle	32	60	10035 10035 10035 10035 10035 10035 10035 10035 10035 10035 10035 10035 10035 10035 10035 10035 10035 10035 11 358 1781 433 596 264 2763 315 3388 11 719 358 2846 539 2771 358 2846 539 2771 11 358 2846 539 2771 11 358 2846 539 2771 11 358 2846 539 2771 11 358 2846 539 2771 11 358 2846
edge_repetitive	oracle	16	60	10035 198 286 10035 11 10035 11 10035 11 10035 11 10035 11 10035 11 10035 11 10035 11 10035 11 10035 11 10035 11 10035 11 10035 11 10035 11 10035 11 10035 11 10035 11 10035 11 10035 11 10035 11 10035 11 10035 11 10035 11 10035 11 10035 11 10035 11 358 1541 956 499 2351
edge_repetitive	oracle	8	60	11 323 433 596 264 2294 11 719 358 1781 433 596 264 1695 369 279 4320 374 1070 527 1070 527 499 2351 264 1695 369 279 4320 374 1070 527 499 2351 264 1695 369 264 1695 13 4452 11 323 1243 11 369 279 4320 374 279 4320 374 279 4320 25 220 18 13 1144 220
edge_repetitive	oracle	4	60	11 323 433 596 264 1695 369 279 1023 13 358 1541 956 499 2351 539 11 719 433 596 539 279 4320 13 220 16 11 369 11 323 1541 956 1440 11 912 13 2030 433 596 539 1193 279 4320 13 4071 279 220 17 13 220 18 13 220 18 13 220 18 13 220 18
edge_question	dense	128	60	9393 433 374 264 1633 3062 961 315 279 3823 2547 13 1102 374 279 961 315 279 2547 430 374 8647 369 279 7351 315 279 2547 13 1102 374 1101 279 961 315 279 2547 430 374 8647 369 279 37392 315 279 2547 13 1102 374 1101 279 961 315 279 2547 430 374 8647 369 279
edge_question	random	128	60	9393 433 374 264 1633 3062 961 315 279 3823 2547 13 1102 374 279 961 315 279 2547 430 374 8647 369 279 7351 315 279 2547 13 1102 374 1101 279 961 315 279 2547 430 374 8647 369 279 37392 315 279 2547 13 1102 374 1101 279 961 315 279 2547 430 374 8647 369 279
edge_question	random	64	60	9393 433 374 264 1633 3062 961 315 279 3823 2547 13 1102 374 279 961 315 279 2547 430 374 8647 369 279 7351 315 279 2547 13 1102 374 1101 279 961 315 279 2547 430 374 8647 369 279 37392 315 279 2547 13 1102 374 1101 279 961 315 279 2547 430 374 8647 369 279
edge_question	random	32	60	9393 433 374 264 1633 3062 961 315 279 3823 2547 13 1102 374 279 961 315 279 2547 430 374 8647 369 279 7351 315 279 2547 13 1102 374 1101 279 961 315 279 2547 430 374 8647 369 279 2547 430 374 8647 369 279 2547 7351 315 279 2547 13 1102 374 279 961 315 279
edge_question	random	16	60	9393 433 374 264 1633 3062 961 315 279 3823 2547 13 1102 374 279 961 315 279 2547 430 584 1005 311 656 1057 7446 7640 13 1102 374 1101 264 961 315 279 2547 430 584 1005 311 1005 311 656 279 7446 13 1102 374 279 2547 13 1102 374 279 2547 430 584 1205 311 1005
edge_question	random	8	60	9393 433 374 264 1633 3062 961 315 279 1920 315 279 1920 315 279 4459 1920 315 279 4459 1920 315 279 1920 315 279 1920 315 279 1920 315 279 4459 1920 315 279 1920 279 4459 1920 315 279 1920 279 3249 279 1920 315 279 4459 1920 315 279 4459 1920 315 279 1920 315 279
edge_question	random	4	60	9393 433 374 264 1664 22015 2144 430 279 4320 279 4320 311 279 4320 374 279 3488 374 539 311 387 1766 304 279 3488 323 279 4320 374 279 4320 374 264 4320 311 4320 279 2144 430 374 430 279 4320 311 279 4320 311 387 4320 279 3488 430 374 430 279 4320 311 279 4320
edge_question	routed	128	60	9393 433 374 264 1633 3062 961 315 279 3823 2547 13 1102 374 279 961 315 279 2547 430 374 8647 369 279 7351 315 279 2547 13 1102 374 1101 279 961 315 279 2547 430 374 8647 369 279 37392 315 279 2547 13 1102 374 1101 279 961 315 279 2547 430 374 8647 369 279
edge_question	routed	64	60	9393 433 374 264 1633 3062 961 315 279 3823 2547 13 1102 374 279 961 315 279 2547 430 374 8647 369 279 7351 315 279 2547 13 1102 374 1101 279 961 315 279 2547 430 374 8647 369 279 37392 315 279 2547 13 1102 374 1101 279 961 315 279 2547 430 374 8647 369 279
edge_question	routed	32	60	9393 433 374 264 1633 3062 961 315 279 3823 2547 13 1102 374 279 961 315 279 2547 430 374 8647 369 279 7351 315 279 2547 13 1102 374 1101 279 961 315 279 2547 430 374 8647 369 279 37392 315 279 2547 13 1102 374 1101 279 961 315 279 2547 430 374 8647 369 279
edge_question	routed	16	60	9393 433 374 264 1633 3062 961 315 279 3823 2547 13 1102 374 279 961 315 279 2547 430 374 8647 369 279 5788 315 44315 13 1102 374 1101 279 961 315 279 2547 430 374 8647 369 279 19812 315 279 2547 9499 13 1102 374 1101 279 961 315 279 2547 430 374 8647 369 279
edge_question	routed	8	60	9393 433 374 264 1633 3062 961 315 279 1920 315 3339 264 5597 13 1102 374 1101 264 1633 3062 961 315 279 1920 315 3339 264 5597 13 1102 374 1101 264 1633 3062 961 315 279 1920 315 3339 264 5597 13 1102 374 1101 264 1633 3062 961 315 279 1920 315 3339 264 5597 13
edge_question	routed	4	60	9393 433 374 264 1633 3062 961 315 279 3823 2547 430 8779 603 311 21552 3691 323 35406 37493 13 1102 374 1101 279 961 315 279 2547 430 374 8647 369 279 5788 315 44315 13 1115 374 3249 433 374 3062 311 617 264 9498 60071 1887 13 4815 7184 11 1095 596 2980 279 3560 315
edge_question	oracle	128	60	9393 433 374 264 1633 3062 961 315 279 3823 2547 13 1102 374 279 961 315 279 2547 430 374 8647 369 279 7351 315 279 2547 13 1102 374 1101 279 961 315 279 2547 430 374 8647 369 279 37392 315 279 2547 13 1102 374 1101 279 961 315 279 2547 430 374 8647 369 279
edge_question	oracle	64	60	9393 433 374 264 1633 3062 961 315 279 3823 2547 13 1102 374 279 961 315 279 2547 430 374 8647 369 279 7351 315 279 2547 13 1102 374 1101 279 961 315 279 2547 430 374 8647 369 279 37392 315 279 2547 13 1102 374 1101 279 961 315 279 2547 430 374 8647 369 279
edge_question	oracle	32	60	9393 433 374 264 1633 3062 961 315 279 3823 2547 13 1102 374 279 961 315 279 2547 430 374 8647 369 279 7351 315 279 2547 13 1102 374 1101 279 961 315 279 2547 430 374 8647 369 279 37392 315 279 2547 13 1102 374 1101 279 961 315 279 2547 430 374 8647 369 279
edge_question	oracle	16	60	9393 433 374 264 1633 3062 961 315 279 3823 2547 13 1102 374 279 961 315 279 2547 430 374 8647 369 279 5788 315 279 44315 13 1102 374 1101 8647 369 279 5788 315 279 56067 323 279 5788 315 279 2579 6680 7917 13 1102 374 1101 8647 369 279 5788 315 279 2579 6680 6530
edge_question	oracle	8	60	9393 433 374 264 1633 3062 961 315 279 3823 2547 13 1102 374 8647 369 279 7351 315 279 2547 323 1101 8779 304 279 2547 311 10519 279 2547 311 734 10489 13 1102 374 1101 8647 369 279 2547 311 10519 279 2547 311 734 10489 13 1102 374 1101 8647 369 279 2547 311 734 10489
edge_question	oracle	4	60	9393 433 374 264 1633 3062 961 315 279 3823 2547 323 433 374 264 1633 3062 961 315 279 3823 323 433 374 264 961 315 279 1917 315 279 1455 5199 13 1102 374 279 220 17 13 578 220 17 13 1102 374 279 220 17 13 358 13 578 1561 40214 13 578 1561 40214 315
